layer,head,cluster,role,p1_box_iou,p1_entropy,p1_mass_in_box,p1_pointing,p1_topk_prec,p3_cond_kld,p5_head_entropy,p5_sink16,p5_sink_stability,p6_occluded_mass,p6_reroute_kld,p8_mass_when_correct
0,0,1,unassigned,0.020314,5.920486,0.027539,0.002500,0.022672,0.000691,2.728340,0.002405,1.000000,0.109466,0.049690,0.000000
0,1,1,unassigned,0.016149,6.303156,0.025302,0.000000,0.017931,0.001376,2.662635,0.020630,0.968750,0.149019,0.007242,0.000000
0,2,3,grounding,0.062905,6.302484,0.032250,0.005000,0.073190,0.000950,2.718311,0.030884,0.961426,0.133624,0.029057,0.000000
0,3,1,unassigned,0.013200,5.359378,0.020913,0.002500,0.014612,0.003932,2.654148,0.002960,1.000000,0.102675,0.026732,0.000000
0,4,3,unassigned,0.035545,6.201420,0.031210,0.012500,0.040560,0.003557,2.586114,0.017899,0.969727,0.141711,0.049083,0.000000
0,5,1,unassigned,0.011470,6.312307,0.024413,0.005000,0.012931,0.000131,2.686792,0.021790,0.972656,0.148933,0.005688,0.000000
0,6,3,unassigned,0.030615,6.291460,0.028316,0.027500,0.035733,0.002429,2.553192,0.024399,0.966797,0.158192,0.019001,0.000000
0,7,1,cond,0.014996,6.125967,0.024870,0.010000,0.018103,0.049553,2.645155,0.014336,0.976074,0.154038,0.010084,0.000000
0,8,1,unassigned,0.018206,5.276081,0.019582,0.002500,0.019828,0.001973,2.728316,0.001000,1.000000,0.096560,0.051717,0.000000
0,9,3,sink,0.030821,6.320367,0.026544,0.047500,0.035690,0.003376,2.524214,0.032043,0.974609,0.152572,0.013353,0.000000
0,10,1,unassigned,0.018164,6.132769,0.027951,0.007500,0.020431,0.000736,2.693171,0.015823,0.958984,0.124386,0.020109,0.000000
0,11,1,unassigned,0.013345,6.044338,0.021703,0.007500,0.015172,0.013341,2.458167,0.013512,0.974609,0.141535,0.022713,0.000000
0,12,1,unassigned,0.014527,5.963840,0.023610,0.002500,0.015690,0.002184,2.241022,0.010284,0.966309,0.133169,0.023836,0.000000
0,13,3,grounding,0.095036,6.309191,0.033255,0.012500,0.107629,0.001248,2.649714,0.032440,0.954102,0.140928,0.026735,0.000000
0,14,1,unassigned,0.007841,6.316689,0.022070,0.012500,0.009612,0.000911,2.614470,0.027283,0.964355,0.160345,0.019436,0.000000
0,15,0,unassigned,0.013313,5.363913,0.022247,0.005000,0.015517,0.001370,2.267698,0.003389,0.585938,0.144298,0.234528,0.000000
0,16,1,unassigned,0.033141,6.253641,0.029904,0.007500,0.037629,0.001461,2.647104,0.020340,0.963867,0.139274,0.016574,0.000000
0,17,1,unassigned,0.018496,6.329127,0.025799,0.000000,0.021078,0.000470,2.657301,0.027557,0.982422,0.148802,0.005539,0.000000
0,18,1,unassigned,0.014563,5.261468,0.018749,0.000000,0.016164,0.008048,2.329921,0.001724,1.000000,0.084283,0.056195,0.000000
0,19,1,unassigned,0.013899,5.843575,0.022990,0.005000,0.015517,0.004448,2.734792,0.005104,1.000000,0.122633,0.095639,0.000000
0,20,3,grounding,0.055036,6.303346,0.029764,0.032500,0.063836,0.001625,2.591293,0.026627,0.966797,0.161077,0.024663,0.000000
0,21,0,reroute,0.007035,6.039323,0.015705,0.002500,0.008750,0.001958,2.249287,0.032013,0.946777,0.221833,0.280139,0.000000
0,22,0,cond,0.029699,6.087997,0.028875,0.002500,0.035862,0.091870,1.958209,0.052612,0.953125,0.178603,0.119588,0.000000
0,23,3,cond,0.025311,6.179428,0.030109,0.010000,0.030690,0.054289,2.582872,0.029480,0.930176,0.132050,0.037622,0.000000
0,24,1,cond,0.020244,6.147798,0.025040,0.020000,0.024267,0.050759,2.635498,0.013275,0.968262,0.150827,0.018991,0.000000
0,25,0,reroute,0.043450,4.829399,0.033517,0.012500,0.049741,0.001320,2.041710,0.001884,-0.084961,0.110586,0.530373,0.000000
0,26,3,grounding,0.041174,5.957964,0.032976,0.002500,0.048276,0.020502,2.497157,0.003784,0.908691,0.130292,0.087468,0.000000
0,27,1,unassigned,0.023629,6.268719,0.029323,0.012500,0.028147,0.004970,2.617589,0.022339,0.955078,0.146958,0.022508,0.000000
0,28,0,sink,0.037251,6.302648,0.028274,0.010000,0.043879,0.000956,2.421917,0.031982,0.965820,0.164849,0.028257,0.000000
0,29,0,unassigned,0.027188,5.456200,0.029158,0.002500,0.030086,0.000210,2.305837,0.004288,0.919434,0.104464,0.064193,0.000000
0,30,1,unassigned,0.014451,6.202274,0.023973,0.010000,0.017586,0.025124,2.613393,0.014908,0.919922,0.168586,0.043097,0.000000
0,31,3,sink,0.035945,6.282785,0.027999,0.010000,0.042931,0.023598,2.503896,0.036713,0.962891,0.156622,0.023517,0.000000
1,32,1,unassigned,0.061761,5.883504,0.038447,0.010000,0.071034,0.003406,2.479801,0.000708,1.000000,0.155135,0.178415,0.000000
1,33,1,unassigned,0.065632,6.200064,0.031805,0.015000,0.075259,0.000921,2.058835,0.041473,0.950684,0.155903,0.089505,0.000000
1,34,0,unassigned,0.070010,5.565883,0.040870,0.012500,0.080216,0.000280,2.400037,0.008972,0.673828,0.139230,0.331988,0.000000
1,35,1,unassigned,0.047438,6.094342,0.036194,0.010000,0.054483,0.000459,2.010131,0.043854,0.957520,0.151750,0.109689,0.000000
1,36,1,unassigned,0.067198,6.273965,0.032193,0.010000,0.076422,0.000265,2.158663,0.025238,0.962402,0.146861,0.031701,0.000000
1,37,1,unassigned,0.024158,6.141719,0.028837,0.030000,0.026164,0.000535,2.452030,0.019791,0.960938,0.135414,0.020448,0.000000
1,38,3,unassigned,0.112853,6.071506,0.040315,0.012500,0.126034,0.001866,1.949440,0.050476,0.942871,0.155475,0.168934,0.000000
1,39,1,unassigned,0.043947,6.134140,0.030771,0.010000,0.050991,0.002016,1.935745,0.019745,0.964844,0.153598,0.080879,0.000000
1,40,0,sink,0.070122,6.129689,0.032034,0.012500,0.080776,0.000966,1.641081,0.118103,0.966797,0.181147,0.182214,0.000000
1,41,3,cond,0.074024,6.111315,0.041889,0.055000,0.084871,0.034665,1.467589,0.107056,0.976074,0.150930,0.075725,0.000000
1,42,1,unassigned,0.081513,5.916741,0.043086,0.012500,0.092759,0.002092,1.905823,0.013123,0.954590,0.155039,0.199245,0.000000
1,43,0,sink,0.126882,6.209065,0.037248,0.010000,0.140560,0.001647,1.794545,0.124756,0.978516,0.157915,0.131545,0.000000
1,44,1,unassigned,0.040981,5.931576,0.033183,0.015000,0.047026,0.000325,2.468408,0.010300,0.778809,0.155244,0.175410,0.000000
1,45,3,unassigned,0.108719,6.184677,0.047039,0.095000,0.121767,0.001657,2.108825,0.068726,0.967773,0.146722,0.066851,0.000000
1,46,1,unassigned,0.053908,6.128377,0.032138,0.010000,0.062155,0.003657,1.870868,0.036591,0.962891,0.151163,0.118215,0.000000
1,47,0,cond,0.089565,5.754662,0.041765,0.007500,0.101078,0.013326,1.662112,0.034637,0.916016,0.170648,0.513549,0.000000
1,48,3,grounding,0.128250,5.895411,0.056302,0.010000,0.141940,0.002999,1.554342,0.048553,0.952637,0.168231,0.312895,0.000000
1,49,0,reroute,0.111360,4.914165,0.098074,0.020000,0.125086,0.000596,1.849016,0.030914,0.937988,0.216301,1.180270,0.000000
1,50,3,sink,0.120496,6.196751,0.043868,0.015000,0.134138,0.002353,1.716484,0.079834,0.968262,0.155633,0.102801,0.000000
1,51,1,unassigned,0.092628,6.055588,0.041054,0.012500,0.104741,0.005959,1.350619,0.029053,0.954590,0.161500,0.151939,0.000000
1,52,1,unassigned,0.063368,6.184311,0.032888,0.010000,0.073147,0.000573,2.041786,0.067871,0.966309,0.150881,0.084953,0.000000
1,53,1,unassigned,0.044961,5.657570,0.033590,0.007500,0.051853,0.000405,2.540110,0.015480,0.834473,0.149488,0.380101,0.000000
1,54,2,unassigned,0.083266,5.681972,0.044671,0.010000,0.094569,0.005586,2.223292,0.002605,0.453613,0.161603,0.367659,0.000000
1,55,0,reroute,0.116787,5.363507,0.082593,0.020000,0.130603,0.000966,1.435202,0.114014,0.963379,0.201004,0.761366,0.000000
1,56,0,unassigned,0.101169,6.037354,0.037414,0.012500,0.114095,0.009106,1.906085,0.053162,0.934570,0.163282,0.220418,0.000000
1,57,3,unassigned,0.085579,5.879419,0.053446,0.065000,0.096466,0.000662,1.611579,0.014008,0.960938,0.158013,0.193233,0.000000
1,58,1,unassigned,0.109308,6.171627,0.040185,0.010000,0.122629,0.000454,2.207858,0.029205,0.957520,0.163873,0.151398,0.000000
1,59,3,grounding,0.117180,5.915156,0.057361,0.012500,0.130560,0.007205,2.362129,0.011604,0.846680,0.175345,0.287887,0.000000
1,60,3,unassigned,0.107209,5.932415,0.047477,0.012500,0.119914,0.008153,1.684083,0.070618,0.944336,0.155087,0.267924,0.000000
1,61,1,unassigned,0.064419,6.102796,0.034287,0.012500,0.074009,0.001097,1.908473,0.028549,0.970215,0.136158,0.065272,0.000000
1,62,1,unassigned,0.019071,5.804894,0.029204,0.015000,0.020603,0.000439,2.179797,0.012520,0.935547,0.133685,0.065200,0.000000
1,63,1,unassigned,0.079344,5.906003,0.040415,0.012500,0.090517,0.000826,2.290307,0.029846,0.895508,0.163471,0.266931,0.000000
2,64,0,unassigned,0.073932,2.344807,0.018960,0.010000,0.083578,0.004380,0.009383,0.816895,0.977051,0.150590,4.860841,0.000000
2,65,1,unassigned,0.074657,2.760265,0.023506,0.010000,0.084440,0.001113,0.010528,0.749512,0.975586,0.136604,3.654692,0.000000
2,66,3,cond,0.084792,2.845768,0.034060,0.010000,0.095345,0.007230,0.011902,0.679199,0.977539,0.155571,4.232596,0.000000
2,67,0,unassigned,0.088751,2.458525,0.025053,0.010000,0.100517,0.000294,0.009119,0.815918,0.979004,0.155990,4.389152,0.000000
2,68,1,unassigned,0.065335,3.065825,0.018962,0.010000,0.074698,0.003816,0.022161,0.617188,0.974609,0.124395,3.417980,0.000000
2,69,0,cond,0.087124,2.446022,0.023490,0.010000,0.098190,0.007064,0.008510,0.752441,0.982910,0.149477,4.770038,0.000000
2,70,1,cond,0.057354,3.445831,0.022731,0.010000,0.066250,0.012668,0.019464,0.735352,0.968262,0.149815,2.971584,0.000000
2,71,0,unassigned,0.080173,2.301108,0.017993,0.010000,0.090345,0.004188,0.007503,0.608398,0.974609,0.137883,4.368635,0.000000
2,72,1,unassigned,0.075112,2.746709,0.025783,0.010000,0.085000,0.002627,0.009320,0.558594,0.978027,0.150320,4.253473,0.000000
2,73,3,grounding,0.104527,3.221938,0.062755,0.010000,0.117629,0.001392,0.012101,0.704590,0.966797,0.173295,3.934269,0.000000
2,74,1,unassigned,0.045242,2.908605,0.021596,0.010000,0.051422,0.001216,0.009508,0.803223,0.972656,0.143085,4.100670,0.000000
2,75,0,unassigned,0.095819,1.885389,0.015786,0.010000,0.108017,0.002648,0.008153,0.784668,0.970703,0.138361,5.401497,0.000000
2,76,0,unassigned,0.088742,2.455621,0.023779,0.010000,0.099612,0.002856,0.009571,0.767090,0.977539,0.144601,4.966200,0.000000
2,77,0,sink,0.083709,2.103019,0.017480,0.010000,0.095000,0.002805,0.014791,0.822754,0.977051,0.150231,5.280376,0.000000
2,78,1,unassigned,0.054034,2.396313,0.015383,0.010000,0.061810,0.000768,0.010129,0.513184,0.970215,0.126313,4.899511,0.000000
2,79,0,unassigned,0.065142,2.148769,0.016708,0.010000,0.074095,0.000278,0.004625,0.737305,0.979492,0.127320,5.390552,0.000000
2,80,0,unassigned,0.091241,1.982966,0.020961,0.010000,0.102198,0.001481,0.005657,0.815918,0.979004,0.141939,5.529409,0.000000
2,81,0,unassigned,0.073614,2.333537,0.018359,0.010000,0.083534,0.004681,0.008866,0.704102,0.970215,0.146261,4.963951,0.000000
2,82,1,cond,0.078000,3.114275,0.031330,0.010000,0.087931,0.008930,0.009201,0.691895,0.976562,0.154346,3.999218,0.000000
2,83,3,sink,0.105527,2.541086,0.024658,0.010000,0.118060,0.003847,0.015226,0.829590,0.976562,0.153342,4.510391,0.000000
2,84,1,unassigned,0.053189,2.676993,0.018173,0.010000,0.060776,0.001314,0.010885,0.705566,0.968750,0.141079,4.308238,0.000000
2,85,3,grounding,0.112897,3.751639,0.093908,0.010000,0.126164,0.000800,0.018292,0.758301,0.977051,0.195434,2.792236,0.000000
2,86,1,sink,0.084239,3.107788,0.041326,0.010000,0.095474,0.000349,0.006768,0.862793,0.979492,0.151642,3.863772,0.000000
2,87,3,grounding,0.096363,3.347502,0.062290,0.010000,0.108836,0.000582,0.008129,0.835938,0.983398,0.147865,3.213929,0.000000
2,88,0,unassigned,0.073774,2.266278,0.020486,0.010000,0.083362,0.006156,0.005609,0.797363,0.969727,0.144524,5.027276,0.000000
2,89,1,unassigned,0.030685,3.100811,0.020573,0.010000,0.034526,0.000561,0.004415,0.765137,0.971191,0.125257,3.739155,0.000000
2,90,2,unassigned,0.100998,2.829824,0.023633,0.010000,0.113793,0.001019,0.033597,0.798340,0.968750,0.152005,3.954719,0.000000
2,91,1,unassigned,0.046467,2.594821,0.016511,0.010000,0.052888,0.002025,0.006616,0.681641,0.983398,0.128104,4.693728,0.000000
2,92,1,unassigned,0.058972,2.978317,0.022127,0.010000,0.066853,0.001245,0.011882,0.479980,0.966309,0.146579,3.883341,0.000000
2,93,1,unassigned,0.072405,2.305052,0.019308,0.010000,0.081724,0.004062,0.005312,0.642090,0.975098,0.132236,4.386935,0.000000
2,94,0,cond,0.070722,2.182301,0.019424,0.010000,0.080086,0.009507,0.006469,0.753418,0.983887,0.140109,5.223130,0.000000
2,95,1,unassigned,0.073015,2.598506,0.021546,0.010000,0.082155,0.002219,0.011266,0.635254,0.975586,0.141507,4.134889,0.000000
3,96,1,unassigned,0.035345,3.999030,0.025837,0.010000,0.040172,0.002919,0.016576,0.733398,0.977051,0.146400,3.418544,0.000000
3,97,1,unassigned,0.014198,2.259602,0.010577,0.010000,0.015603,0.000859,0.005580,0.899902,0.978027,0.126167,5.012423,0.000000
3,98,3,unassigned,0.063706,1.913193,0.013739,0.012500,0.072414,0.002866,0.004834,0.862793,0.977051,0.154442,6.136275,0.000000
3,99,0,unassigned,0.054259,2.343577,0.016870,0.010000,0.061681,0.003875,0.002884,0.889160,0.976562,0.131453,5.228215,0.000000
3,100,1,unassigned,0.020771,2.476426,0.012868,0.010000,0.023534,0.001004,0.004049,0.929688,0.980469,0.140162,5.408833,0.000000
3,101,0,sink,0.066681,1.771397,0.013667,0.010000,0.074569,0.002213,0.002951,0.944824,0.970215,0.147638,6.574613,0.000000
3,102,1,unassigned,0.055351,2.879603,0.017769,0.010000,0.063750,0.001133,0.006760,0.909180,0.983398,0.151612,4.217934,0.000000
3,103,3,grounding,0.115157,2.925685,0.029170,0.010000,0.128190,0.001481,0.008597,0.922852,0.986816,0.148798,4.248839,0.000000
3,104,2,grounding,0.102979,4.575242,0.069111,0.010000,0.115474,0.001940,0.032975,0.742188,0.982422,0.195526,2.295465,0.000000
3,105,1,unassigned,0.053344,3.582075,0.032110,0.010000,0.061250,0.001584,0.001987,0.933105,0.981445,0.133571,3.001959,0.000000
3,106,3,cond,0.056665,2.475054,0.020072,0.012500,0.063491,0.004849,0.005010,0.871094,0.985352,0.146256,5.238971,0.000000
3,107,0,sink,0.069909,1.755264,0.012915,0.010000,0.078966,0.002062,0.002862,0.939453,0.972656,0.140693,6.532753,0.000000
3,108,0,unassigned,0.075478,2.197275,0.018153,0.010000,0.085000,0.001796,0.003053,0.900391,0.979492,0.146382,5.566841,0.000000
3,109,1,unassigned,0.063822,2.470527,0.019836,0.010000,0.072198,0.004115,0.004519,0.790039,0.969727,0.143070,5.108888,0.000000
3,110,0,unassigned,0.062172,1.809377,0.013682,0.010000,0.070388,0.002263,0.002635,0.925781,0.985840,0.139795,6.640665,0.000000
3,111,0,unassigned,0.050055,2.147420,0.015409,0.010000,0.056207,0.002733,0.003002,0.902832,0.979492,0.150286,5.767604,0.000000
3,112,0,cond,0.044039,2.174695,0.014038,0.010000,0.049957,0.004869,0.004992,0.885254,0.976562,0.141694,5.529586,0.000000
3,113,3,unassigned,0.078554,3.067794,0.029824,0.010000,0.089741,0.001077,0.006052,0.911133,0.983887,0.148844,4.058764,0.000000
3,114,1,unassigned,0.038332,2.450333,0.013216,0.010000,0.043621,0.003408,0.003823,0.876465,0.986816,0.136750,4.225242,0.000000
3,115,1,cond,0.040458,3.019432,0.017394,0.010000,0.045560,0.009228,0.005016,0.801758,0.973145,0.139271,3.930529,0.000000
3,116,0,unassigned,0.063754,2.083828,0.015481,0.010000,0.071422,0.002418,0.003304,0.933594,0.979492,0.150367,5.723945,0.000000
3,117,3,unassigned,0.083937,3.237512,0.025363,0.010000,0.095948,0.000949,0.015397,0.893066,0.975098,0.142849,3.696809,0.000000
3,118,0,unassigned,0.057592,2.104213,0.016374,0.010000,0.064397,0.004212,0.003879,0.864746,0.981445,0.144435,5.789547,0.000000
3,119,0,unassigned,0.039185,2.414510,0.014920,0.010000,0.044181,0.001677,0.004324,0.918457,0.983398,0.147037,5.365383,0.000000
3,120,0,unassigned,0.068611,2.412919,0.020189,0.010000,0.077802,0.002830,0.004969,0.846191,0.979980,0.163302,5.462586,0.000000
3,121,3,grounding,0.095438,2.905341,0.048149,0.010000,0.108147,0.001067,0.006398,0.942871,0.964355,0.148013,4.990841,0.000000
3,122,1,cond,0.027582,3.391540,0.018829,0.012500,0.030647,0.005931,0.005929,0.825684,0.972656,0.124264,3.245387,0.000000
3,123,0,sink,0.103604,1.935474,0.027206,0.010000,0.116638,0.000617,0.003150,0.970703,0.976562,0.149870,5.681221,0.000000
3,124,1,unassigned,0.028601,4.007352,0.018494,0.010000,0.033621,0.002422,0.040250,0.844727,0.980957,0.189995,2.729173,0.000000
3,125,1,unassigned,0.051009,2.739878,0.016646,0.010000,0.058578,0.002147,0.004519,0.768066,0.978027,0.138462,4.046050,0.000000
3,126,0,unassigned,0.058584,2.120485,0.013418,0.010000,0.066595,0.001869,0.002585,0.836426,0.983887,0.134496,5.310682,0.000000
3,127,2,grounding,0.096335,2.900915,0.034978,0.010000,0.109353,0.001945,0.063825,0.890137,0.977539,0.175464,4.031197,0.000000
4,128,0,cond,0.067843,2.400342,0.017769,0.010000,0.076810,0.011618,0.004697,0.802734,0.968750,0.150885,5.403237,0.000000
4,129,2,grounding,0.103734,4.199717,0.117738,0.052500,0.116767,0.002522,0.047631,0.638672,0.976074,0.270728,2.801100,0.000000
4,130,1,unassigned,0.023540,3.900363,0.019509,0.010000,0.026078,0.001192,0.003348,0.834473,0.983887,0.120606,2.234574,0.000000
4,131,0,unassigned,0.063066,2.355420,0.017861,0.012500,0.071724,0.006496,0.004188,0.866211,0.978516,0.152554,5.189321,0.000000
4,132,1,unassigned,0.071042,3.009982,0.024277,0.010000,0.080388,0.007818,0.006479,0.796387,0.968750,0.154217,4.040934,0.000000
4,133,2,grounding,0.131709,4.407075,0.141792,0.010000,0.145345,0.001502,0.079489,0.755859,0.987793,0.194790,2.272292,0.000000
4,134,1,unassigned,0.044240,2.971798,0.020310,0.010000,0.050776,0.006423,0.002723,0.916992,0.986328,0.153544,4.495605,0.000000
4,135,1,unassigned,0.028597,3.146948,0.016442,0.010000,0.032543,0.002430,0.008503,0.846191,0.982910,0.145270,4.226091,0.000000
4,136,3,unassigned,0.086326,3.137370,0.028893,0.010000,0.096940,0.006302,0.005340,0.712402,0.973633,0.141040,3.716786,0.000000
4,137,1,unassigned,0.050280,3.052109,0.018371,0.010000,0.056897,0.007897,0.004689,0.905273,0.983887,0.143498,3.740389,0.000000
4,138,0,unassigned,0.044087,2.315733,0.015975,0.010000,0.050647,0.007425,0.003359,0.886230,0.976074,0.152521,5.648401,0.000000
4,139,0,sink,0.047340,2.142157,0.016071,0.010000,0.053534,0.004933,0.002951,0.937500,0.976074,0.142195,6.285598,0.000000
4,140,1,unassigned,0.072307,4.270830,0.044567,0.010000,0.082629,0.001631,0.035973,0.833008,0.986328,0.179903,2.727049,0.000000
4,141,1,unassigned,0.054080,3.885518,0.022049,0.010000,0.062112,0.001469,0.007894,0.919922,0.988770,0.179523,3.140259,0.000000
4,142,1,unassigned,0.025942,2.873691,0.012577,0.010000,0.029698,0.001416,0.004814,0.849121,0.981445,0.135797,4.379765,0.000000
4,143,1,unassigned,0.055233,3.142825,0.025592,0.010000,0.062371,0.007127,0.006318,0.759277,0.983887,0.148204,4.602207,0.000000
4,144,1,sink,0.076770,3.617882,0.028471,0.010000,0.088017,0.002421,0.023217,0.922363,0.989746,0.192000,3.455884,0.000000
4,145,3,grounding,0.096134,3.837107,0.055540,0.010000,0.108922,0.002627,0.008473,0.908691,0.981934,0.141614,2.989850,0.000000
4,146,1,cond,0.045602,2.668882,0.016024,0.010000,0.052414,0.011110,0.004924,0.797852,0.968750,0.152038,4.518333,0.000000
4,147,1,cond,0.061167,2.935026,0.027548,0.010000,0.069526,0.011200,0.007095,0.806641,0.973633,0.169296,4.504460,0.000000
4,148,1,unassigned,0.059947,3.700723,0.027724,0.010000,0.068664,0.001421,0.017647,0.840332,0.983887,0.161465,3.256547,0.000000
4,149,3,sink,0.096306,3.147210,0.036409,0.012500,0.108922,0.001714,0.005051,0.938965,0.967773,0.164598,3.751288,0.000000
4,150,1,cond,0.032439,2.673320,0.015653,0.010000,0.036595,0.008242,0.003497,0.886230,0.975586,0.142363,4.835003,0.000000
4,151,0,sink,0.055121,3.075930,0.025780,0.010000,0.062672,0.002671,0.002216,0.922852,0.990234,0.158936,5.241890,0.000000
4,152,0,sink,0.064583,2.362719,0.016637,0.010000,0.073664,0.004092,0.003380,0.947754,0.966797,0.142696,5.457780,0.000000
4,153,0,sink,0.062891,2.014904,0.013429,0.010000,0.071466,0.003290,0.003399,0.944336,0.965332,0.150376,6.173961,0.000000
4,154,0,unassigned,0.068647,2.241386,0.014351,0.010000,0.077629,0.008041,0.003511,0.831055,0.987305,0.136539,5.069867,0.000000
4,155,0,unassigned,0.082280,2.634769,0.026017,0.010000,0.091767,0.005179,0.003292,0.789062,0.970703,0.157870,4.535493,0.000000
4,156,0,unassigned,0.058684,2.729103,0.021605,0.010000,0.066121,0.007209,0.003553,0.779785,0.973633,0.159847,5.217092,0.000000
4,157,1,sink,0.039045,3.122357,0.017078,0.010000,0.044957,0.004494,0.004497,0.928223,0.991211,0.152023,4.437936,0.000000
4,158,1,unassigned,0.069983,3.245647,0.030963,0.010000,0.079784,0.003764,0.005932,0.821777,0.989258,0.142537,4.218821,0.000000
4,159,1,unassigned,0.078043,3.324867,0.045297,0.010000,0.088060,0.003719,0.004642,0.730469,0.977539,0.175854,4.669944,0.000000
5,160,0,unassigned,0.067442,2.289929,0.019890,0.010000,0.075647,0.008300,0.001540,0.833984,0.987793,0.143413,5.107749,0.000000
5,161,1,unassigned,0.069954,4.018367,0.033891,0.010000,0.079612,0.001546,0.014728,0.878906,0.981934,0.161359,2.382942,0.000000
5,162,0,reroute,0.116496,3.204409,0.041822,0.010000,0.130129,0.001541,0.009645,0.927734,0.992676,0.214731,4.063389,0.000000
5,163,1,unassigned,0.059538,2.920651,0.024149,0.010000,0.067802,0.002727,0.005067,0.925781,0.992676,0.145142,4.405407,0.000000
5,164,1,unassigned,0.065179,2.772287,0.019490,0.010000,0.073448,0.001450,0.001419,0.894043,0.978516,0.119019,4.111956,0.000000
5,165,2,unassigned,0.101527,5.159035,0.061711,0.010000,0.114440,0.001963,0.109218,0.579102,0.967773,0.177689,0.950165,0.000000
5,166,3,grounding,0.130574,3.542331,0.073342,0.010000,0.144224,0.002214,0.011379,0.929688,0.992188,0.160127,3.355295,0.000000
5,167,0,unassigned,0.121669,2.708175,0.036333,0.010000,0.135431,0.001750,0.007453,0.961426,0.976074,0.182524,4.908563,0.000000
5,168,0,unassigned,0.086765,2.328140,0.020025,0.010000,0.098233,0.002556,0.002821,0.947754,0.965820,0.140278,5.324019,0.000000
5,169,0,unassigned,0.072287,2.335688,0.021638,0.010000,0.081897,0.005542,0.001600,0.949707,0.967773,0.160823,5.164492,0.000000
5,170,0,unassigned,0.059548,2.445355,0.017846,0.010000,0.067371,0.003722,0.001896,0.960938,0.977051,0.148398,5.633901,0.000000
5,171,0,unassigned,0.105862,2.742005,0.029582,0.010000,0.118491,0.001978,0.003382,0.939453,0.965332,0.142056,4.613480,0.000000
5,172,3,grounding,0.128144,2.587459,0.088337,0.010000,0.141853,0.001453,0.004331,0.927734,0.993164,0.152870,4.421746,0.000000
5,173,1,unassigned,0.060319,3.638439,0.029146,0.010000,0.068448,0.008051,0.004713,0.853027,0.979004,0.135768,2.757757,0.000000
5,174,0,unassigned,0.119489,2.528454,0.032285,0.010000,0.132974,0.003723,0.003835,0.946777,0.964844,0.131153,4.609094,0.000000
5,175,2,cond,0.056875,4.486983,0.060879,0.045000,0.065690,0.114187,0.022431,0.270752,0.961426,0.206386,1.569568,0.000000
5,176,0,unassigned,0.091258,2.324304,0.028827,0.010000,0.102888,0.004804,0.002455,0.943848,0.965332,0.169067,5.285925,0.000000
5,177,0,unassigned,0.113175,2.632444,0.035112,0.010000,0.126509,0.002368,0.012894,0.952637,0.969727,0.171921,5.326718,0.000000
5,178,0,unassigned,0.079294,2.985103,0.039939,0.010000,0.089698,0.010641,0.002228,0.918945,0.988281,0.157436,4.408346,0.000000
5,179,0,unassigned,0.086135,3.375600,0.042878,0.010000,0.097586,0.003639,0.001835,0.958008,0.974609,0.159658,5.190723,0.000000
5,180,3,unassigned,0.100355,4.315502,0.099784,0.010000,0.113534,0.003686,0.037149,0.820312,0.991211,0.162830,2.619757,0.000000
5,181,1,unassigned,0.074119,4.349098,0.035302,0.010000,0.084052,0.002352,0.019181,0.826172,0.992188,0.179309,2.079569,0.000000
5,182,1,unassigned,0.091714,3.882402,0.061480,0.010000,0.103966,0.005502,0.006376,0.943359,0.960938,0.157339,3.399582,0.000000
5,183,0,unassigned,0.106563,2.947887,0.030660,0.010000,0.119828,0.001627,0.028443,0.946289,0.964844,0.173591,3.971224,0.000000
5,184,0,unassigned,0.075881,2.592639,0.026964,0.010000,0.086466,0.005384,0.002681,0.962402,0.977539,0.152626,5.310623,0.000000
5,185,3,grounding,0.127257,3.459938,0.073320,0.010000,0.140905,0.002052,0.007772,0.945312,0.962891,0.161112,3.987235,0.000000
5,186,0,unassigned,0.125759,2.471793,0.036332,0.010000,0.139095,0.002367,0.006850,0.969238,0.976074,0.150836,5.523755,0.000000
5,187,3,grounding,0.121665,3.836964,0.073133,0.010000,0.135345,0.001615,0.052801,0.872559,0.986328,0.182136,2.883181,0.000000
5,188,1,unassigned,0.054049,3.408478,0.027470,0.010000,0.061509,0.002256,0.008846,0.814453,0.991211,0.183975,3.781918,0.000000
5,189,1,unassigned,0.101290,3.770793,0.043190,0.010000,0.114138,0.002390,0.013616,0.834961,0.986816,0.151499,2.998481,0.000000
5,190,1,unassigned,0.075082,3.675380,0.033012,0.010000,0.085043,0.004729,0.005783,0.881836,0.969727,0.138615,3.293675,0.000000
5,191,3,grounding,0.121956,3.809493,0.177033,0.072500,0.135560,0.002068,0.016152,0.940430,0.960938,0.151826,3.446053,0.000000
6,192,1,unassigned,0.070462,3.550983,0.032665,0.010000,0.080388,0.002623,0.010565,0.826172,0.992188,0.167099,3.337533,0.000000
6,193,3,unassigned,0.110818,4.266933,0.127290,0.035000,0.124483,0.004761,0.033277,0.806152,0.973633,0.193729,2.984186,0.000000
6,194,1,unassigned,0.114620,3.854266,0.074064,0.010000,0.128060,0.002043,0.020195,0.874023,0.993164,0.170943,2.869204,0.000000
6,195,1,cond,0.055232,3.035762,0.026685,0.010000,0.062371,0.009201,0.001416,0.932129,0.991211,0.146340,4.224635,0.000000
6,196,1,unassigned,0.084720,3.894047,0.048786,0.010000,0.096638,0.006540,0.019879,0.848145,0.982910,0.125823,2.508197,0.000000
6,197,1,unassigned,0.086935,3.666244,0.036840,0.010000,0.098017,0.005842,0.014130,0.844238,0.984863,0.167507,3.938059,0.000000
6,198,0,unassigned,0.110439,3.764003,0.044464,0.010000,0.124095,0.000979,0.011851,0.875977,0.990234,0.163716,3.248348,0.000000
6,199,0,unassigned,0.117846,3.451588,0.050766,0.010000,0.131422,0.003347,0.015894,0.940430,0.968750,0.158154,3.283417,0.000000
6,200,1,unassigned,0.109899,3.810744,0.070788,0.010000,0.123190,0.001844,0.009493,0.901855,0.983398,0.164341,2.856534,0.000000
6,201,3,grounding,0.140031,3.040830,0.105993,0.010000,0.153448,0.002572,0.034707,0.848145,0.976562,0.160591,4.401277,0.000000
6,202,0,unassigned,0.100071,3.385190,0.088815,0.012500,0.111940,0.006326,0.006378,0.946289,0.964355,0.142480,4.050376,0.000000
6,203,0,unassigned,0.076686,3.067732,0.025870,0.010000,0.086509,0.003123,0.008193,0.872559,0.992188,0.145187,4.074576,0.000000
6,204,2,unassigned,0.096409,4.089582,0.045011,0.010000,0.109224,0.004953,0.091003,0.886719,0.974121,0.206434,2.629849,0.000000
6,205,3,grounding,0.129071,3.526017,0.289816,0.332500,0.142802,0.005961,0.022473,0.720215,0.972656,0.268507,3.738040,0.000000
6,206,0,unassigned,0.103225,2.626850,0.032364,0.010000,0.115474,0.003548,0.004814,0.798340,0.966797,0.156895,5.189738,0.000000
6,207,3,unassigned,0.113890,3.996722,0.121878,0.012500,0.127500,0.004775,0.014159,0.882812,0.971680,0.174927,3.230009,0.000000
6,208,0,reroute,0.127348,1.900697,0.057435,0.005000,0.140862,0.001086,0.024282,0.957031,0.972656,0.139217,6.739771,0.000000
6,209,3,unassigned,0.106730,4.516512,0.117853,0.015000,0.119397,0.007180,0.030843,0.791504,0.971191,0.215770,2.394219,0.000000
6,210,2,reroute,0.107020,4.360291,0.171943,0.395000,0.120431,0.006487,0.069948,0.190674,0.958496,0.316215,3.413538,0.000000
6,211,0,cond,0.081833,2.950042,0.031943,0.010000,0.091767,0.010539,0.002681,0.819336,0.987793,0.163651,3.958202,0.000000
6,212,0,unassigned,0.115959,3.140015,0.054679,0.010000,0.129871,0.004638,0.020057,0.955078,0.971680,0.199727,4.497280,0.000000
6,213,1,unassigned,0.061547,4.819124,0.039162,0.010000,0.071121,0.003919,0.063411,0.477783,0.969238,0.171588,1.421916,0.000000
6,214,3,cond,0.110218,4.291920,0.091356,0.010000,0.123448,0.007834,0.016380,0.761230,0.986328,0.148538,2.101379,0.000000
6,215,1,unassigned,0.080453,3.549419,0.032978,0.010000,0.091595,0.005157,0.009801,0.854492,0.978516,0.151978,3.222886,0.000000
6,216,0,unassigned,0.083236,2.641961,0.028159,0.010000,0.093448,0.004619,0.003149,0.943359,0.963867,0.149471,5.055316,0.000000
6,217,1,unassigned,0.090705,3.565873,0.035627,0.010000,0.103362,0.003441,0.012709,0.892090,0.976562,0.201136,3.371998,0.000000
6,218,0,reroute,0.081357,3.608779,0.048667,0.012500,0.092457,0.004725,0.006026,0.919922,0.988770,0.218468,4.522992,0.000000
6,219,1,cond,0.092634,3.904833,0.050908,0.010000,0.104310,0.008914,0.018789,0.770508,0.978027,0.153823,2.742238,0.000000
6,220,2,unassigned,0.114701,3.885841,0.084705,0.017500,0.128060,0.006699,0.028595,0.142334,0.966797,0.133603,2.722393,0.000000
6,221,1,unassigned,0.076390,3.897024,0.031354,0.010000,0.085776,0.005004,0.007689,0.775879,0.978027,0.128316,2.077363,0.000000
6,222,0,unassigned,0.070661,2.391970,0.018874,0.010000,0.081638,0.000641,0.043461,0.875977,0.988281,0.137553,5.501367,0.000000
6,223,1,unassigned,0.097067,3.857660,0.062467,0.010000,0.109957,0.004965,0.028006,0.438965,0.971191,0.141328,3.213763,0.000000
7,224,3,grounding,0.128169,4.388441,0.108848,0.010000,0.141940,0.009871,0.078500,0.786621,0.974609,0.150706,1.867866,0.000000
7,225,1,unassigned,0.082870,3.901173,0.038114,0.010000,0.093793,0.008760,0.011696,0.722656,0.973145,0.165547,2.893616,0.000000
7,226,2,unassigned,0.116022,4.477661,0.094309,0.012500,0.129784,0.007537,0.191908,0.541992,0.970215,0.172418,2.219275,0.000000
7,227,1,unassigned,0.108076,3.908409,0.057556,0.010000,0.121681,0.006791,0.129442,0.835938,0.985840,0.172961,3.106818,0.000000
7,228,3,unassigned,0.119336,3.909718,0.126340,0.035000,0.132802,0.013877,0.069689,0.795898,0.970215,0.150606,3.602707,0.000000
7,229,3,grounding,0.130856,3.419909,0.114557,0.010000,0.144569,0.017616,0.022487,0.854980,0.978027,0.138750,2.396961,0.000000
7,230,3,unassigned,0.104136,3.133918,0.107287,0.020000,0.117543,0.016071,0.075059,0.531250,0.971191,0.123006,4.599855,0.000000
7,231,1,unassigned,0.081596,4.210448,0.047708,0.010000,0.093276,0.010076,0.091343,0.518066,0.972168,0.163572,2.672026,0.000000
7,232,1,cond,0.104526,3.535337,0.076855,0.010000,0.116336,0.025029,0.006630,0.830566,0.988281,0.127923,2.232791,0.000000
7,233,1,cond,0.083750,4.369889,0.053114,0.010000,0.094397,0.023804,0.038285,0.541992,0.972656,0.157453,2.210469,0.000000
7,234,0,sink,0.082462,1.808339,0.012884,0.005000,0.093664,0.004814,0.010703,0.955078,0.971191,0.121105,6.629711,0.000000
7,235,0,unassigned,0.088130,3.920253,0.073305,0.020000,0.099871,0.022579,0.004521,0.885254,0.971680,0.155091,4.449967,0.000000
7,236,3,grounding,0.135714,3.453475,0.204426,0.072500,0.148966,0.017007,0.114580,0.875000,0.986328,0.153203,4.026269,0.000000
7,237,0,unassigned,0.106170,3.408434,0.057588,0.012500,0.118578,0.011694,0.017168,0.692383,0.975098,0.143627,3.590888,0.000000
7,238,2,grounding,0.129572,4.334345,0.118221,0.010000,0.143190,0.017995,0.146509,0.677246,0.979980,0.162956,2.519356,0.000000
7,239,0,reroute,0.085897,3.338975,0.027609,0.010000,0.097888,0.003898,0.093756,0.828125,0.990723,0.185991,3.695673,0.000000
7,240,1,unassigned,0.056322,3.989196,0.027381,0.010000,0.064267,0.010962,0.017442,0.678223,0.975586,0.120693,1.741009,0.000000
7,241,1,unassigned,0.054695,3.922061,0.022690,0.010000,0.062931,0.010639,0.008666,0.784668,0.975098,0.118894,1.783698,0.000000
7,242,0,cond,0.058768,3.303041,0.027961,0.010000,0.066422,0.026785,0.002861,0.859375,0.976074,0.145143,4.167695,0.000000
7,243,0,sink,0.085135,3.297109,0.034313,0.010000,0.096724,0.011820,0.010445,0.916504,0.985840,0.147330,4.063719,0.000000
7,244,1,reroute,0.113930,4.165474,0.099655,0.015000,0.127586,0.006493,0.066212,0.719238,0.974121,0.207354,2.735212,0.000000
7,245,3,sink,0.116509,4.248527,0.116975,0.012500,0.130086,0.020677,0.012870,0.957031,0.972656,0.165085,2.031248,0.000000
7,246,3,unassigned,0.122648,4.077790,0.102521,0.012500,0.136207,0.015743,0.044616,0.844238,0.981934,0.118778,1.416972,0.000000
7,247,0,sink,0.108702,2.983457,0.034699,0.007500,0.121983,0.002703,0.031436,0.929199,0.993652,0.152580,4.652202,0.000000
7,248,3,cond,0.090227,4.339022,0.087236,0.050000,0.101724,0.051949,0.022148,0.813477,0.985840,0.145509,2.301856,0.000000
7,249,1,unassigned,0.056874,3.439122,0.023050,0.010000,0.064224,0.007366,0.011185,0.730957,0.980469,0.110841,3.147164,0.000000
7,250,0,sink,0.115431,3.761964,0.070442,0.010000,0.128879,0.011970,0.009209,0.922852,0.990234,0.139938,3.361208,0.000000
7,251,1,sink,0.060429,3.452418,0.021853,0.007500,0.070905,0.005265,0.025565,0.929688,0.991211,0.156264,2.923468,0.000000
7,252,0,unassigned,0.119854,3.380257,0.057212,0.010000,0.133750,0.005920,0.142593,0.798828,0.969238,0.174533,3.876500,0.000000
7,253,1,unassigned,0.064277,3.824259,0.036474,0.012500,0.073578,0.015694,0.036036,0.848145,0.979492,0.152665,2.818095,0.000000
7,254,0,unassigned,0.102348,3.568287,0.036523,0.010000,0.115517,0.010738,0.041350,0.864258,0.972168,0.159125,3.097197,0.000000
7,255,3,grounding,0.132703,3.990887,0.154677,0.032500,0.146293,0.024042,0.014066,0.858398,0.976074,0.132802,2.364385,0.000000
8,256,1,sink,0.038989,3.995563,0.024754,0.010000,0.046767,0.004513,0.084017,0.928711,0.992188,0.161285,3.037161,0.000000
8,257,1,unassigned,0.082356,3.460746,0.026678,0.002500,0.093836,0.025643,0.023878,0.792969,0.971191,0.124210,1.694688,0.000000
8,258,0,unassigned,0.078769,2.958258,0.025592,0.010000,0.089784,0.017853,0.003586,0.899414,0.982910,0.135873,3.257181,0.000000
8,259,3,unassigned,0.098468,4.265399,0.122422,0.120000,0.111422,0.020810,0.066746,0.661621,0.972656,0.182615,2.540558,0.000000
8,260,0,sink,0.106060,3.531858,0.036544,0.007500,0.119483,0.009701,0.014588,0.946777,0.964844,0.158643,2.334566,0.000000
8,261,3,grounding,0.141499,4.266849,0.277972,0.425000,0.154914,0.028891,0.029421,0.919434,0.989258,0.177069,1.809456,0.000000
8,262,3,cond,0.093764,4.672827,0.090580,0.037500,0.105948,0.049526,0.148997,0.622070,0.985352,0.148573,1.355637,0.000000
8,263,1,unassigned,0.084395,4.824710,0.054430,0.010000,0.096552,0.009981,0.151160,0.715820,0.976562,0.154473,1.365552,0.000000
8,264,1,unassigned,0.064495,4.800837,0.031896,0.010000,0.075129,0.007645,0.081273,0.859375,0.975586,0.197423,1.695311,0.000000
8,265,1,unassigned,0.067567,4.285736,0.032868,0.010000,0.077414,0.009170,0.030390,0.560059,0.982910,0.124307,1.371512,0.000000
8,266,0,unassigned,0.089314,3.792363,0.034340,0.010000,0.101509,0.016540,0.023101,0.704590,0.969238,0.172578,2.127029,0.000000
8,267,1,unassigned,0.043411,3.414663,0.016474,0.007500,0.049052,0.021755,0.004330,0.713867,0.976074,0.111693,1.256334,0.000000
8,268,3,unassigned,0.121488,4.108203,0.104081,0.010000,0.135216,0.013844,0.012315,0.887207,0.973145,0.145199,1.976726,0.000000
8,269,1,unassigned,0.067319,3.943270,0.027945,0.005000,0.077500,0.021393,0.023244,0.740234,0.985840,0.117656,1.176133,0.000000
8,270,3,unassigned,0.118786,4.886012,0.088281,0.010000,0.132371,0.010409,0.072761,0.791016,0.971680,0.155910,1.075531,0.000000
8,271,0,reroute,0.083365,3.450514,0.065990,0.010000,0.095302,0.027549,0.004381,0.917969,0.987305,0.181033,3.133587,0.000000
8,272,0,unassigned,0.094556,3.337829,0.037195,0.010000,0.105388,0.017515,0.002373,0.849121,0.984863,0.142019,3.220951,0.000000
8,273,1,unassigned,0.071835,4.161929,0.056192,0.010000,0.082629,0.028090,0.034623,0.819336,0.991699,0.153269,1.845608,0.000000
8,274,0,unassigned,0.111480,3.775602,0.097521,0.015000,0.124957,0.013681,0.053467,0.888672,0.974609,0.140440,2.666699,0.000000
8,275,0,sink,0.089855,3.765976,0.040330,0.010000,0.102888,0.004664,0.007723,0.948242,0.965820,0.181288,2.805704,0.000000
8,276,0,sink,0.075713,3.846864,0.032419,0.010000,0.087198,0.015828,0.007868,0.945312,0.963379,0.160675,2.198942,0.000000
8,277,1,unassigned,0.061101,4.754036,0.037798,0.010000,0.069655,0.009530,0.013043,0.645996,0.975586,0.185145,1.647474,0.000000
8,278,3,unassigned,0.117952,4.589573,0.105575,0.032500,0.131466,0.017124,0.238487,0.755371,0.990234,0.180944,1.492393,0.000000
8,279,1,unassigned,0.092091,5.101311,0.071234,0.010000,0.105043,0.010143,0.056029,0.804688,0.970703,0.161634,1.323728,0.000000
8,280,2,grounding,0.131344,4.715504,0.208503,0.430000,0.144828,0.022098,0.381770,0.513672,0.972656,0.163242,1.153325,0.000000
8,281,3,cond,0.117500,3.782735,0.221799,0.275000,0.131164,0.068490,0.157066,0.937988,0.976074,0.219858,2.431969,0.000000
8,282,0,sink,0.057188,3.094384,0.042176,0.010000,0.067155,0.006291,0.042803,0.940918,0.966797,0.141636,4.437431,0.000000
8,283,1,unassigned,0.080504,3.825412,0.042536,0.010000,0.090991,0.031746,0.009778,0.562012,0.979492,0.178280,1.950746,0.000000
8,284,3,grounding,0.125319,4.554384,0.187692,0.302500,0.139095,0.006963,0.092396,0.750488,0.990723,0.192386,1.130309,0.000000
8,285,1,unassigned,0.047282,3.714143,0.017080,0.010000,0.054698,0.031398,0.005288,0.514648,0.975586,0.117344,1.462186,0.000000
8,286,1,unassigned,0.055731,3.898204,0.029181,0.010000,0.064138,0.024793,0.004822,0.824219,0.993652,0.138580,1.927443,0.000000
8,287,0,grounding,0.139019,3.781207,0.146382,0.010000,0.152586,0.009760,0.024922,0.953125,0.970215,0.161082,3.581027,0.000000
9,288,3,unassigned,0.112219,5.038360,0.122329,0.182500,0.125560,0.027273,0.091411,0.783691,0.971680,0.137702,0.629645,0.000000
9,289,0,unassigned,0.109447,2.731298,0.053131,0.010000,0.123060,0.016319,0.008561,0.867188,0.973145,0.148242,3.782247,0.000000
9,290,3,cond,0.087899,3.546521,0.049202,0.010000,0.099828,0.089978,0.028898,0.524902,0.967773,0.163372,1.167877,0.000000
9,291,0,unassigned,0.093469,3.323262,0.037581,0.007500,0.106422,0.018330,0.013016,0.877441,0.974609,0.144672,2.892104,0.000000
9,292,1,unassigned,0.063592,4.668166,0.037002,0.007500,0.074009,0.012585,0.271959,0.836914,0.985352,0.178779,1.568331,0.000000
9,293,1,unassigned,0.047905,4.227988,0.028686,0.010000,0.055862,0.050171,0.008470,0.935059,0.982422,0.142872,2.499364,0.000000
9,294,0,unassigned,0.097161,3.233271,0.024595,0.002500,0.109871,0.027617,0.019465,0.768066,0.980469,0.157574,1.910869,0.000000
9,295,0,unassigned,0.091316,3.472103,0.033930,0.010000,0.102672,0.029528,0.009770,0.847168,0.982910,0.166525,2.879372,0.000000
9,296,0,unassigned,0.099822,3.557775,0.097339,0.037500,0.112802,0.018240,0.033660,0.941406,0.970215,0.148412,2.559366,0.000000
9,297,0,unassigned,0.115741,3.310805,0.090605,0.010000,0.129440,0.020505,0.012172,0.943848,0.964355,0.153696,3.296986,0.000000
9,298,3,cond,0.111325,3.827316,0.282603,0.532500,0.124957,0.084303,0.097732,0.749512,0.984863,0.184234,1.790544,0.000000
9,299,1,unassigned,0.071461,4.230748,0.032467,0.010000,0.082457,0.018957,0.032396,0.744141,0.989746,0.179387,2.085586,0.000000
9,300,1,unassigned,0.094548,5.017268,0.087127,0.047500,0.107198,0.020157,0.151091,0.663086,0.971680,0.144001,1.025781,0.000000
9,301,1,unassigned,0.049755,4.361077,0.025746,0.010000,0.057543,0.013567,0.039461,0.398193,0.969238,0.188477,1.661374,0.000000
9,302,3,unassigned,0.113887,4.418880,0.091269,0.010000,0.127457,0.009753,0.011279,0.919922,0.989258,0.141913,1.288625,0.000000
9,303,0,unassigned,0.054810,2.988413,0.014346,0.010000,0.062974,0.013994,0.003715,0.909668,0.983398,0.140113,3.946548,0.000000
9,304,1,unassigned,0.050116,3.587497,0.025664,0.010000,0.057457,0.015479,0.011135,0.756348,0.989258,0.178596,2.798487,0.000000
9,305,3,unassigned,0.103349,4.359124,0.114608,0.082500,0.115991,0.031944,0.052732,0.922363,0.989746,0.145162,2.233021,0.000000
9,306,3,unassigned,0.110088,4.405695,0.122708,0.050000,0.123448,0.044717,0.088831,0.796875,0.967773,0.121039,1.527103,0.000000
9,307,0,unassigned,0.078293,3.725264,0.035979,0.010000,0.088793,0.035073,0.005314,0.910156,0.983398,0.157548,2.641109,0.000000
9,308,3,unassigned,0.112513,4.143749,0.096906,0.037500,0.125948,0.038016,0.029893,0.791016,0.971191,0.203146,1.987516,0.000000
9,309,1,unassigned,0.069711,4.030333,0.042464,0.015000,0.080776,0.038941,0.014759,0.708008,0.969727,0.198784,2.421787,0.000000
9,310,0,unassigned,0.099542,3.081576,0.053691,0.010000,0.112974,0.015514,0.045794,0.928711,0.995117,0.139575,2.645075,0.000000
9,311,3,grounding,0.123525,3.824737,0.150286,0.082500,0.136897,0.040922,0.080345,0.907227,0.982910,0.188508,2.098119,0.000000
9,312,1,unassigned,0.055700,3.585631,0.020710,0.002500,0.063922,0.026751,0.012517,0.861816,0.975098,0.138120,1.937546,0.000000
9,313,0,reroute,0.082429,3.513001,0.057074,0.015000,0.093664,0.014751,0.015936,0.961914,0.977051,0.219125,3.988984,0.000000
9,314,0,unassigned,0.083590,2.506572,0.033399,0.010000,0.096034,0.009537,0.007341,0.980957,0.984375,0.129742,3.879697,0.000000
9,315,1,reroute,0.056815,3.233432,0.034698,0.005000,0.065172,0.042614,0.001544,0.604980,0.975586,0.238084,2.668584,0.000000
9,316,0,unassigned,0.101575,3.512079,0.050756,0.010000,0.113233,0.024043,0.007916,0.957031,0.973145,0.169600,3.040105,0.000000
9,317,0,unassigned,0.087054,3.434434,0.058878,0.010000,0.098448,0.014552,0.027276,0.844238,0.983398,0.144716,2.757802,0.000000
9,318,2,cond,0.117815,4.111933,0.244388,0.360000,0.131121,0.087366,0.642327,0.120667,0.954590,0.171294,1.925421,0.000000
9,319,1,unassigned,0.022575,3.594463,0.013965,0.010000,0.026983,0.043678,0.026222,0.942383,0.964355,0.166865,2.014236,0.000000
10,320,3,grounding,0.126307,4.453909,0.109125,0.010000,0.140000,0.016526,0.151852,0.799316,0.966797,0.176980,2.116669,0.000000
10,321,1,unassigned,0.081398,4.556471,0.056055,0.012500,0.093233,0.060667,0.086550,0.335449,0.971680,0.201909,2.322766,0.000000
10,322,1,unassigned,0.107040,5.083861,0.102493,0.057500,0.120388,0.052915,0.172255,0.598145,0.972656,0.158995,1.172841,0.000000
10,323,1,unassigned,0.061662,3.747475,0.029729,0.010000,0.070086,0.028387,0.005576,0.701172,0.967285,0.143037,2.774532,0.000000
10,324,2,grounding,0.120487,4.291357,0.255865,0.552500,0.134052,0.111828,0.445327,0.383545,0.970703,0.130690,1.173091,0.000000
10,325,0,reroute,0.060776,2.807089,0.019501,0.010000,0.069526,0.018916,0.003619,0.843262,0.984375,0.166249,4.496403,0.000000
10,326,3,grounding,0.119397,4.751376,0.156146,0.145000,0.133017,0.068372,0.040052,0.714844,0.972656,0.116185,1.439782,0.000000
10,327,0,unassigned,0.099517,3.817383,0.047631,0.010000,0.112716,0.008441,0.053046,0.866699,0.976562,0.134922,3.478971,0.000000
10,328,1,unassigned,0.023995,4.070819,0.015558,0.007500,0.027241,0.028714,0.024948,0.794434,0.970215,0.121490,1.317043,0.000000
10,329,1,sink,0.059124,3.862111,0.032419,0.010000,0.068448,0.058487,0.022525,0.923340,0.991211,0.152456,2.340655,0.000000
10,330,1,cond,0.078168,3.667822,0.043914,0.012500,0.089569,0.112807,0.066043,0.807617,0.971680,0.155100,1.772287,0.000000
10,331,3,unassigned,0.095866,4.615065,0.113773,0.150000,0.108405,0.067109,0.299531,0.830566,0.989746,0.159958,1.537428,0.000000
10,332,1,unassigned,0.096090,4.589085,0.054262,0.010000,0.108966,0.025113,0.066513,0.790039,0.973145,0.204989,1.589023,0.000000
10,333,0,sink,0.051615,3.442958,0.022131,0.012500,0.060603,0.029052,0.017034,0.944824,0.964844,0.184605,2.839862,0.000000
10,334,0,reroute,0.111636,3.695659,0.115356,0.040000,0.125216,0.040783,0.075200,0.942871,0.963379,0.231414,2.457499,0.000000
10,335,3,grounding,0.113957,4.311665,0.212805,0.362500,0.127069,0.018556,0.145336,0.646484,0.974609,0.147583,1.688825,0.000000
10,336,1,unassigned,0.086273,4.067244,0.051199,0.010000,0.098319,0.038765,0.048874,0.877930,0.979004,0.171426,1.899435,0.000000
10,337,1,unassigned,0.033372,3.121657,0.012215,0.010000,0.038405,0.071918,0.001137,0.846191,0.982910,0.141021,2.633807,0.000000
10,338,3,grounding,0.127255,4.508588,0.136325,0.015000,0.141164,0.036437,0.039358,0.881836,0.976562,0.161196,1.924687,0.000000
10,339,2,reroute,0.072656,4.527054,0.088921,0.077500,0.083879,0.036653,0.301315,0.453125,0.972656,0.246010,2.851441,0.000000
10,340,1,sink,0.058167,3.834996,0.026955,0.012500,0.067069,0.042003,0.011244,0.948242,0.966309,0.155813,2.374745,0.000000
10,341,0,unassigned,0.105527,3.853533,0.074447,0.012500,0.118793,0.035941,0.028401,0.872559,0.981445,0.153767,3.579517,0.000000
10,342,0,unassigned,0.074943,3.102833,0.033971,0.010000,0.085819,0.023266,0.007692,0.793457,0.971680,0.149221,4.653533,0.000000
10,343,1,unassigned,0.054538,4.334650,0.030854,0.010000,0.063233,0.016778,0.015139,0.357178,0.967773,0.171081,2.902047,0.000000
10,344,0,unassigned,0.094363,3.596974,0.047838,0.010000,0.107026,0.031834,0.061394,0.726562,0.976562,0.146594,3.376464,0.000000
10,345,0,unassigned,0.045474,3.481095,0.033863,0.015000,0.052543,0.040998,0.002124,0.818848,0.994629,0.185531,3.044912,0.000000
10,346,3,grounding,0.129039,4.576313,0.175623,0.125000,0.142759,0.063867,0.104813,0.738770,0.981445,0.153623,2.170896,0.000000
10,347,0,unassigned,0.077933,3.833684,0.036576,0.007500,0.088836,0.032428,0.060446,0.733887,0.979980,0.154752,2.885524,0.000000
10,348,1,unassigned,0.053333,4.117651,0.026393,0.010000,0.061078,0.011777,0.042227,0.752930,0.991211,0.143592,2.675398,0.000000
10,349,3,cond,0.135475,3.687621,0.336799,0.560000,0.149181,0.339683,0.135059,0.780273,0.973633,0.157558,2.010995,0.000000
10,350,0,unassigned,0.094241,4.265567,0.068895,0.010000,0.106767,0.039780,0.042042,0.872559,0.985840,0.159679,3.042727,0.000000
10,351,0,unassigned,0.052251,3.584191,0.023669,0.007500,0.061293,0.023379,0.035823,0.711426,0.974121,0.140283,3.945289,0.000000
11,352,0,unassigned,0.046896,3.850763,0.023821,0.012500,0.054181,0.018182,0.004189,0.892090,0.976562,0.152153,3.141484,0.000000
11,353,2,unassigned,0.101406,4.525177,0.123010,0.105000,0.114267,0.048709,0.302335,0.410645,0.966797,0.168106,1.604421,0.000000
11,354,0,reroute,0.095941,2.438333,0.104610,0.100000,0.108405,0.055891,0.004841,0.977539,0.980957,0.367261,4.197419,0.000000
11,355,1,unassigned,0.067916,3.936809,0.038138,0.010000,0.077888,0.038651,0.028344,0.906738,0.983887,0.147827,2.400269,0.000000
11,356,1,unassigned,0.095960,4.813177,0.097006,0.082500,0.109009,0.037732,0.037489,0.667480,0.972168,0.160275,1.848222,0.000000
11,357,1,unassigned,0.111027,4.775021,0.119300,0.147500,0.123750,0.018065,0.036576,0.954590,0.971191,0.133579,1.996857,0.000000
11,358,3,grounding,0.141323,4.703859,0.177590,0.252500,0.154655,0.049464,0.028304,0.715332,0.976074,0.190945,1.708659,0.000000
11,359,3,cond,0.116353,4.298877,0.207492,0.390000,0.129784,0.148721,0.017314,0.873047,0.991699,0.144431,2.141514,0.000000
11,360,1,unassigned,0.073245,5.066294,0.091624,0.227500,0.084871,0.054918,0.028310,0.861816,0.973145,0.182497,1.643730,0.000000
11,361,3,unassigned,0.115907,5.313146,0.136003,0.412500,0.129655,0.031276,0.081528,0.776367,0.975098,0.194712,1.446438,0.000000
11,362,1,unassigned,0.063508,4.413734,0.025873,0.010000,0.074052,0.009769,0.019868,0.857422,0.976562,0.171865,2.101185,0.000000
11,363,1,unassigned,0.091762,4.841623,0.093231,0.055000,0.104353,0.047302,0.085686,0.824707,0.989258,0.171582,1.493141,0.000000
11,364,0,unassigned,0.051410,3.884472,0.031691,0.010000,0.059828,0.019301,0.005739,0.799805,0.965820,0.147733,4.068776,0.000000
11,365,1,unassigned,0.094274,5.058146,0.064088,0.010000,0.106422,0.016041,0.087836,0.786133,0.973633,0.166280,1.571631,0.000000
11,366,3,cond,0.146105,2.922566,0.417595,0.562500,0.159397,0.229180,0.101630,0.905762,0.982422,0.242728,2.763109,0.000000
11,367,0,sink,0.126733,2.107075,0.263819,0.310000,0.140345,0.027749,0.002509,0.994629,0.994629,0.147176,5.043377,0.000000
11,368,0,unassigned,0.099318,3.847757,0.069702,0.010000,0.111767,0.040631,0.009471,0.933594,0.983887,0.148572,2.936365,0.000000
11,369,3,cond,0.160881,2.676529,0.510329,0.612500,0.173405,0.257893,0.092385,0.849121,0.979004,0.153916,1.994374,0.000000
11,370,1,unassigned,0.036700,4.481372,0.055886,0.050000,0.043879,0.017608,0.022044,0.949219,0.968262,0.182334,1.910162,0.000000
11,371,1,unassigned,0.066551,4.878277,0.068052,0.065000,0.076466,0.102118,0.114127,0.815430,0.987305,0.189400,1.504261,0.000000
11,372,0,unassigned,0.044132,3.398234,0.019210,0.010000,0.051595,0.023840,0.003343,0.958008,0.974121,0.127190,3.602043,0.000000
11,373,1,unassigned,0.045391,5.158646,0.033407,0.020000,0.053103,0.014387,0.099904,0.485352,0.977051,0.208971,1.491940,0.000000
11,374,3,cond,0.120847,4.106080,0.245141,0.440000,0.133190,0.144688,0.133896,0.879883,0.982910,0.209097,2.358251,0.000000
11,375,1,unassigned,0.084865,4.964446,0.040828,0.010000,0.096853,0.008982,0.091130,0.917969,0.987793,0.190348,1.552338,0.000000
11,376,3,grounding,0.139782,4.125425,0.310567,0.675000,0.153103,0.061914,0.032559,0.754883,0.985840,0.147049,1.104344,0.000000
11,377,0,unassigned,0.045055,3.517903,0.018240,0.010000,0.051853,0.021652,0.008541,0.919434,0.988281,0.171214,3.695331,0.000000
11,378,3,grounding,0.152055,4.929419,0.161715,0.120000,0.164957,0.069042,0.077337,0.774902,0.974121,0.177965,1.689371,0.000000
11,379,1,unassigned,0.038030,3.622376,0.018874,0.010000,0.043362,0.040072,0.003465,0.915527,0.985352,0.157912,2.735745,0.000000
11,380,3,unassigned,0.096621,4.520095,0.204679,0.442500,0.109612,0.046082,0.037445,0.875000,0.992676,0.175211,1.366029,0.000000
11,381,1,unassigned,0.118739,4.704348,0.083681,0.010000,0.131983,0.036930,0.051184,0.880371,0.977051,0.145428,1.995491,0.000000
11,382,3,unassigned,0.109365,3.695159,0.212772,0.332500,0.122716,0.106682,0.027345,0.786133,0.973145,0.219970,1.919994,0.000000
11,383,2,unassigned,0.110865,4.674781,0.196554,0.485000,0.124397,0.083932,0.142757,0.669434,0.973145,0.180557,2.280189,0.000000
12,384,0,unassigned,0.086672,4.160466,0.071520,0.017500,0.097026,0.058250,0.008667,0.906250,0.981934,0.135040,1.594882,0.000000
12,385,3,unassigned,0.116303,4.316703,0.121901,0.105000,0.129224,0.099091,0.165100,0.554199,0.975098,0.137054,1.136963,0.000000
12,386,0,reroute,0.059121,4.280633,0.039505,0.010000,0.068966,0.016387,0.007280,0.979492,0.982910,0.200742,4.159689,0.000000
12,387,0,unassigned,0.059340,4.186233,0.040889,0.010000,0.067069,0.053421,0.029441,0.887695,0.975098,0.136378,2.154607,0.000000
12,388,3,cond,0.175950,3.250763,0.495788,0.830000,0.187284,0.234690,0.174271,0.588867,0.966309,0.155926,1.226630,0.000000
12,389,1,unassigned,0.096979,5.244947,0.080280,0.037500,0.109181,0.051909,0.050243,0.802734,0.968750,0.123610,1.576825,0.000000
12,390,3,grounding,0.134436,4.620077,0.146632,0.067500,0.147759,0.098120,0.105216,0.798340,0.967773,0.133992,1.395118,0.000000
12,391,1,reroute,0.073452,4.849317,0.036786,0.010000,0.084483,0.017988,0.036869,0.758789,0.987305,0.211117,2.083236,0.000000
12,392,1,unassigned,0.055267,5.029811,0.037550,0.010000,0.063836,0.020093,0.103728,0.741699,0.986816,0.163379,1.259645,0.000000
12,393,1,unassigned,0.044203,4.969288,0.042211,0.012500,0.052155,0.106249,0.178216,0.652832,0.971680,0.152843,1.252080,0.000000
12,394,3,grounding,0.131139,4.595544,0.197647,0.337500,0.144612,0.065480,0.023172,0.789551,0.971680,0.150656,1.597354,0.000000
12,395,3,unassigned,0.093579,4.773081,0.167051,0.327500,0.106078,0.079517,0.175733,0.687988,0.981445,0.170469,1.563224,0.000000
12,396,1,unassigned,0.087569,5.251332,0.078466,0.015000,0.099483,0.057793,0.101825,0.791992,0.970215,0.145420,1.115287,0.000000
12,397,1,unassigned,0.090660,5.333834,0.075259,0.072500,0.102457,0.062772,0.090457,0.694336,0.974609,0.138447,0.834731,0.000000
12,398,2,unassigned,0.114761,5.044654,0.172114,0.340000,0.127802,0.081543,0.261328,0.703125,0.969727,0.130302,1.003751,0.000000
12,399,0,sink,0.123406,4.428086,0.070228,0.010000,0.137198,0.014052,0.023094,0.937988,0.976074,0.160674,2.968723,0.000000
12,400,3,cond,0.142974,3.162901,0.253367,0.207500,0.156336,0.161761,0.030414,0.955566,0.972168,0.162785,2.675525,0.000000
12,401,1,unassigned,0.085719,5.072574,0.058961,0.010000,0.097672,0.022983,0.089739,0.624512,0.984863,0.145419,2.109071,0.000000
12,402,3,sink,0.128067,4.161184,0.173526,0.215000,0.141595,0.067312,0.010259,0.953613,0.970215,0.154982,1.926402,0.000000
12,403,1,unassigned,0.031140,5.001522,0.029391,0.015000,0.036078,0.031904,0.110566,0.518066,0.973633,0.157894,1.566549,0.000000
12,404,0,unassigned,0.036425,4.350174,0.021819,0.012500,0.041681,0.033663,0.014081,0.754883,0.989258,0.155950,2.639810,0.000000
12,405,1,unassigned,0.056854,5.339989,0.062841,0.115000,0.064828,0.082929,0.045951,0.886230,0.972656,0.128079,1.609948,0.000000
12,406,2,unassigned,0.088972,5.366544,0.048297,0.010000,0.100733,0.033629,0.243389,0.449463,0.976562,0.164347,0.939628,0.000000
12,407,1,unassigned,0.041699,4.746548,0.032982,0.010000,0.048534,0.030682,0.024561,0.893555,0.978027,0.169593,2.248268,0.000000
12,408,1,reroute,0.050198,4.378002,0.039360,0.025000,0.056293,0.032458,0.027102,0.455566,0.981445,0.184763,2.730803,0.000000
12,409,2,cond,0.140048,3.947509,0.282142,0.482500,0.153017,0.195390,0.215113,0.510742,0.968750,0.123720,1.602072,0.000000
12,410,1,sink,0.026714,4.980485,0.034169,0.020000,0.032672,0.035462,0.019199,0.968750,0.979004,0.205633,2.017882,0.000000
12,411,0,unassigned,0.067234,4.475976,0.058129,0.035000,0.075603,0.086571,0.006763,0.718262,0.974609,0.163769,2.604259,0.000000
12,412,0,reroute,0.053370,4.507990,0.049324,0.020000,0.061293,0.066636,0.018672,0.881836,0.973633,0.224746,2.775656,0.000000
12,413,0,sink,0.076600,4.552734,0.044789,0.010000,0.087069,0.061919,0.010931,0.938477,0.968750,0.163012,1.641393,0.000000
12,414,1,unassigned,0.033256,4.321904,0.024879,0.010000,0.037759,0.083690,0.034070,0.857422,0.975098,0.124866,1.444292,0.000000
12,415,0,unassigned,0.029442,3.717705,0.014677,0.007500,0.033578,0.044904,0.001229,0.920898,0.989746,0.140118,3.346747,0.000000
13,416,0,unassigned,0.037884,3.730029,0.020175,0.007500,0.044052,0.069442,0.011750,0.885742,0.971680,0.133557,2.642664,0.000000
13,417,0,unassigned,0.051383,4.337100,0.041100,0.012500,0.057716,0.060057,0.012501,0.830078,0.990234,0.143149,2.115514,0.000000
13,418,2,grounding,0.121167,2.818955,0.474942,0.605000,0.134741,0.216016,0.995866,0.113831,0.920410,0.171020,1.403248,0.000000
13,419,1,unassigned,0.058427,5.480214,0.044082,0.012500,0.067457,0.027034,0.177944,0.489258,0.980469,0.181872,1.248998,0.000000
13,420,2,cond,0.133944,4.498921,0.244143,0.570000,0.147500,0.301587,0.405100,0.357178,0.958984,0.122245,1.226573,0.000000
13,421,1,unassigned,0.069209,5.315530,0.049661,0.012500,0.080129,0.035279,0.206590,0.590332,0.971680,0.177020,1.339010,0.000000
13,422,0,unassigned,0.106648,4.224393,0.053512,0.010000,0.120000,0.035705,0.099909,0.848145,0.981934,0.167179,1.971355,0.000000
13,423,0,unassigned,0.092844,4.830835,0.083907,0.070000,0.104267,0.046174,0.102785,0.870605,0.979980,0.191775,1.941262,0.000000
13,424,1,cond,0.063552,5.045323,0.063977,0.072500,0.072759,0.172650,0.164327,0.722656,0.975098,0.152745,1.457163,0.000000
13,425,3,grounding,0.167579,5.265151,0.203114,0.685000,0.179353,0.129381,0.274182,0.384033,0.973145,0.210021,0.791859,0.000000
13,426,1,unassigned,0.035102,5.097627,0.040322,0.015000,0.039784,0.076894,0.050344,0.776367,0.975586,0.126041,1.861944,0.000000
13,427,0,sink,0.129898,3.513496,0.124247,0.027500,0.143621,0.029063,0.006826,0.979492,0.982910,0.143799,4.143751,0.000000
13,428,1,unassigned,0.076144,4.104846,0.065067,0.037500,0.086336,0.089743,0.025613,0.814941,0.987793,0.101951,1.121321,0.000000
13,429,1,unassigned,0.036687,4.644671,0.034192,0.012500,0.041638,0.053606,0.053876,0.731445,0.979004,0.141541,2.016890,0.000000
13,430,0,unassigned,0.077725,4.768666,0.056429,0.010000,0.088233,0.042252,0.022224,0.836426,0.984375,0.136749,2.200262,0.000000
13,431,0,reroute,0.066763,4.382437,0.041573,0.012500,0.077155,0.024388,0.061426,0.182495,0.963867,0.198749,2.862201,0.000000
13,432,1,unassigned,0.060872,4.664882,0.059445,0.035000,0.068966,0.066782,0.035599,0.613770,0.979492,0.118430,1.300189,0.000000
13,433,1,unassigned,0.053781,5.243176,0.054874,0.045000,0.061552,0.047051,0.122347,0.770508,0.979004,0.162751,1.670527,0.000000
13,434,1,unassigned,0.079513,4.619483,0.082187,0.070000,0.091034,0.080265,0.160697,0.574219,0.973633,0.196248,1.807026,0.000000
13,435,1,unassigned,0.055766,4.972050,0.047461,0.012500,0.064009,0.068161,0.033972,0.895508,0.979980,0.147849,1.304838,0.000000
13,436,1,unassigned,0.041323,4.401364,0.027000,0.010000,0.047888,0.102170,0.049840,0.791992,0.970703,0.166467,1.859564,0.000000
13,437,3,unassigned,0.074862,4.829649,0.142386,0.477500,0.086164,0.085271,0.152981,0.665527,0.971680,0.198960,2.056512,0.000000
13,438,3,unassigned,0.107365,5.246614,0.097365,0.132500,0.120388,0.120737,0.256437,0.535645,0.969238,0.177864,1.487750,0.000000
13,439,1,unassigned,0.080606,4.767225,0.101934,0.207500,0.092328,0.128150,0.119116,0.779297,0.973633,0.179415,1.416513,0.000000
13,440,1,unassigned,0.025716,5.126287,0.023269,0.020000,0.030259,0.038698,0.040678,0.694824,0.971191,0.202871,1.697261,0.000000
13,441,0,reroute,0.068882,3.954032,0.030263,0.007500,0.080000,0.045785,0.061424,0.905762,0.983887,0.186010,3.212542,0.000000
13,442,0,unassigned,0.098768,4.077788,0.082890,0.007500,0.111595,0.080732,0.087406,0.806641,0.969727,0.205914,1.853600,0.000000
13,443,0,reroute,0.075809,4.460778,0.036140,0.027500,0.086983,0.020289,0.059735,0.698242,0.971191,0.263250,2.244975,0.000000
13,444,1,unassigned,0.091384,4.421120,0.099544,0.047500,0.103017,0.082124,0.032727,0.776855,0.975098,0.123583,1.439628,0.000000
13,445,0,unassigned,0.032628,4.422665,0.024143,0.010000,0.037759,0.040140,0.008655,0.894043,0.977539,0.160841,2.646491,0.000000
13,446,3,cond,0.110474,5.217579,0.094754,0.040000,0.122672,0.196832,0.153244,0.777344,0.974609,0.163317,1.605638,0.000000
13,447,3,cond,0.146679,5.197845,0.172971,0.407500,0.159828,0.199871,0.213550,0.651855,0.974121,0.158274,1.329234,0.000000
14,448,1,unassigned,0.046116,4.999316,0.038479,0.010000,0.052672,0.067244,0.040368,0.704102,0.967773,0.158031,1.333676,0.000000
14,449,0,reroute,0.076740,4.340649,0.072723,0.070000,0.088060,0.129294,0.014221,0.894531,0.978516,0.279146,2.714284,0.000000
14,450,3,unassigned,0.136676,3.337532,0.490160,0.822500,0.150043,0.392156,0.047207,0.801758,0.970215,0.149499,2.730038,0.000000
14,451,3,grounding,0.176239,2.460063,0.626322,0.857500,0.187543,0.640412,0.208485,0.520508,0.966797,0.143339,2.344938,0.000000
14,452,3,unassigned,0.129244,3.917000,0.297758,0.505000,0.141509,0.182484,0.031356,0.448242,0.972168,0.124551,1.574242,0.000000
14,453,1,unassigned,0.098863,4.827214,0.131991,0.240000,0.110388,0.137736,0.085502,0.627930,0.985840,0.156651,1.271618,0.000000
14,454,1,sink,0.086731,5.641306,0.079350,0.282500,0.099267,0.046287,0.021261,0.934082,0.995117,0.198062,1.890326,0.000000
14,455,3,unassigned,0.155422,3.823901,0.403189,0.830000,0.168147,0.273077,0.098506,0.639160,0.977051,0.131258,1.014338,0.000000
14,456,0,sink,0.040963,4.138270,0.025645,0.010000,0.047974,0.022061,0.007153,0.964355,0.977539,0.170886,3.291987,0.000000
14,457,3,grounding,0.160093,2.891353,0.523080,0.710000,0.172629,0.615285,0.226246,0.304443,0.962402,0.142973,1.881143,0.000000
14,458,3,sink,0.128935,4.311399,0.301433,0.815000,0.142629,0.082816,0.024018,0.937500,0.977051,0.175623,1.951569,0.000000
14,459,3,unassigned,0.136656,4.751135,0.251202,0.707500,0.149569,0.235517,0.071551,0.478516,0.967285,0.141373,1.549143,0.000000
14,460,1,unassigned,0.100577,4.009884,0.269459,0.535000,0.112371,0.471200,0.072344,0.818848,0.985840,0.221229,1.768267,0.000000
14,461,3,grounding,0.163647,3.485448,0.433075,0.637500,0.175905,0.474574,0.078271,0.532715,0.967773,0.117319,1.588083,0.000000
14,462,0,unassigned,0.056073,4.213941,0.038302,0.007500,0.063491,0.076001,0.040311,0.674316,0.973633,0.132961,3.098882,0.000000
14,463,1,reroute,0.107337,5.478862,0.095970,0.200000,0.119698,0.102399,0.098177,0.642090,0.978516,0.298915,1.889489,0.000000
14,464,3,unassigned,0.138619,3.766356,0.400083,0.725000,0.152026,0.155708,0.107876,0.802734,0.968750,0.216580,1.757807,0.000000
14,465,0,unassigned,0.123959,4.133775,0.263591,0.605000,0.136767,0.250074,0.038598,0.772949,0.976074,0.165063,2.971633,0.000000
14,466,3,grounding,0.157575,1.862442,0.713072,0.885000,0.169353,0.525129,0.080606,0.755371,0.984375,0.194188,2.981181,0.000000
14,467,2,unassigned,0.132326,4.350472,0.248879,0.467500,0.145345,0.511625,0.253860,0.269287,0.940430,0.144546,2.079557,0.000000
14,468,3,unassigned,0.149387,3.675325,0.339088,0.447500,0.162371,0.593281,0.114759,0.343018,0.967773,0.134509,2.542997,0.000000
14,469,1,unassigned,0.032573,4.841109,0.043581,0.060000,0.037112,0.166519,0.163963,0.559082,0.982910,0.179491,1.626564,0.000000
14,470,0,sink,0.074378,3.443159,0.035214,0.010000,0.084440,0.110598,0.008096,0.929688,0.994629,0.125049,3.279539,0.000000
14,471,1,unassigned,0.047823,4.680692,0.043488,0.025000,0.054741,0.071906,0.025062,0.833496,0.987305,0.193303,2.018957,0.000000
14,472,3,cond,0.182414,1.972979,0.743464,0.937500,0.193147,1.015272,0.083882,0.753418,0.981934,0.138600,2.828307,0.000000
14,473,1,unassigned,0.032297,5.139309,0.034703,0.030000,0.038060,0.055928,0.086862,0.809570,0.979492,0.177529,2.132384,0.000000
14,474,3,cond,0.124113,2.700914,0.492486,0.630000,0.137845,0.984533,0.106391,0.588867,0.966309,0.161073,2.641211,0.000000
14,475,2,cond,0.135179,4.525746,0.248850,0.655000,0.148362,0.596049,0.719889,0.222534,0.940430,0.196978,1.951576,0.000000
14,476,1,unassigned,0.038247,4.746626,0.039415,0.020000,0.042888,0.102594,0.030806,0.850098,0.980957,0.146814,1.669300,0.000000
14,477,3,cond,0.148903,2.637454,0.555768,0.732500,0.161897,0.810737,0.226244,0.374023,0.956543,0.193585,2.248284,0.000000
14,478,1,unassigned,0.079310,4.905849,0.066774,0.045000,0.089267,0.089422,0.020496,0.676270,0.969727,0.147446,1.533940,0.000000
14,479,1,unassigned,0.029721,5.448893,0.025987,0.015000,0.034526,0.031808,0.126806,0.284912,0.969238,0.197270,1.319271,0.000000
15,480,1,unassigned,0.093084,4.423797,0.074006,0.025000,0.105647,0.081924,0.101042,0.829102,0.986816,0.190943,2.578473,0.000000
15,481,1,reroute,0.045200,4.530152,0.036361,0.037500,0.052629,0.049151,0.024829,0.805176,0.969727,0.260492,2.648743,0.000000
15,482,1,unassigned,0.018121,4.322418,0.019114,0.017500,0.021681,0.096728,0.028401,0.678711,0.978516,0.238336,2.354158,0.000000
15,483,0,unassigned,0.085171,3.814850,0.039177,0.012500,0.096466,0.071051,0.019735,0.839355,0.983887,0.159328,2.848004,0.000000
15,484,1,unassigned,0.129611,4.329765,0.153194,0.147500,0.142328,0.259868,0.158289,0.326172,0.967773,0.180183,2.305720,0.000000
15,485,2,cond,0.160336,3.376307,0.475824,0.765000,0.172759,0.735226,0.594989,0.225342,0.945312,0.186514,1.723814,0.000000
15,486,1,unassigned,0.024896,5.012091,0.032957,0.012500,0.028103,0.033939,0.035619,0.598633,0.975098,0.107739,0.777191,0.000000
15,487,0,reroute,0.048412,3.598030,0.021766,0.017500,0.055388,0.041518,0.002929,0.935547,0.982910,0.255656,3.700177,0.000000
15,488,1,unassigned,0.082194,5.024213,0.087533,0.115000,0.092672,0.212555,0.098879,0.644531,0.975098,0.192716,1.805297,0.000000
15,489,1,unassigned,0.045941,4.000013,0.029256,0.010000,0.052543,0.115952,0.009170,0.844238,0.983887,0.151794,2.408856,0.000000
15,490,3,grounding,0.161675,4.858829,0.240229,0.682500,0.173664,0.248382,0.121326,0.306885,0.970703,0.150425,0.963496,0.000000
15,491,1,unassigned,0.085975,4.394643,0.065258,0.015000,0.098147,0.119036,0.016390,0.402344,0.975098,0.195007,2.432999,0.000000
15,492,0,sink,0.136088,4.135224,0.230102,0.400000,0.149009,0.166708,0.021986,0.952148,0.969727,0.163283,2.639173,0.000000
15,493,0,unassigned,0.113617,3.806302,0.251713,0.400000,0.126897,0.125863,0.049290,0.457764,0.963867,0.141288,3.393937,0.000000
15,494,3,cond,0.165693,2.421283,0.614300,0.710000,0.177845,0.726441,0.140321,0.419922,0.969238,0.149373,1.973555,0.000000
15,495,0,sink,0.125363,4.787165,0.101020,0.015000,0.138879,0.029252,0.016684,0.880371,0.979492,0.177040,3.494863,0.000000
15,496,0,sink,0.061039,3.235526,0.021248,0.007500,0.069871,0.040165,0.006807,0.909668,0.982422,0.160616,3.879054,0.000000
15,497,3,unassigned,0.113752,3.565337,0.350887,0.560000,0.127112,0.081983,0.077721,0.510742,0.978516,0.231569,1.745669,0.000000
15,498,0,unassigned,0.136858,3.780673,0.195600,0.137500,0.149741,0.212357,0.079984,0.827148,0.987793,0.191603,2.412447,0.000000
15,499,3,grounding,0.149989,4.010168,0.404108,0.880000,0.162931,0.195773,0.097839,0.797852,0.966797,0.155357,1.665351,0.000000
15,500,1,unassigned,0.096513,4.512222,0.078322,0.015000,0.108190,0.157293,0.095987,0.772949,0.977539,0.153419,1.721510,0.000000
15,501,1,unassigned,0.044908,4.738272,0.033829,0.002500,0.051595,0.039219,0.036788,0.403076,0.971680,0.169958,2.807723,0.000000
15,502,3,unassigned,0.094661,4.226626,0.265716,0.660000,0.107716,0.193724,0.147111,0.578613,0.965332,0.148236,2.157988,0.000000
15,503,3,unassigned,0.126659,4.361162,0.225577,0.387500,0.139741,0.316527,0.082173,0.652832,0.971680,0.157334,1.732877,0.000000
15,504,3,reroute,0.100063,3.416188,0.336393,0.547500,0.112888,0.198254,0.261747,0.652344,0.969238,0.259057,2.675780,0.000000
15,505,1,unassigned,0.083795,3.831080,0.179260,0.415000,0.095603,0.117412,0.044628,0.583008,0.971680,0.220702,2.259057,0.000000
15,506,0,reroute,0.069065,3.783592,0.030047,0.012500,0.078922,0.056735,0.042171,0.726074,0.976562,0.248453,3.283135,0.000000
15,507,3,cond,0.154089,3.241611,0.442637,0.687500,0.166983,0.417552,0.057652,0.774902,0.976074,0.152846,2.454430,0.000000
15,508,0,sink,0.044365,3.900018,0.026671,0.007500,0.050603,0.061320,0.010435,0.923828,0.991211,0.160111,3.106320,0.000000
15,509,3,grounding,0.180301,4.712207,0.297580,0.825000,0.190948,0.193539,0.191124,0.655273,0.971191,0.169984,1.209882,0.000000
15,510,1,unassigned,0.113558,4.465124,0.200941,0.385000,0.127284,0.135185,0.095846,0.529785,0.967773,0.133371,1.555866,0.000000
15,511,2,grounding,0.151481,4.155702,0.339002,0.682500,0.164397,0.326529,0.263714,0.219849,0.954590,0.139419,1.799879,0.000000
16,512,1,unassigned,0.098037,4.570111,0.120835,0.110000,0.110948,0.115586,0.052883,0.537598,0.970215,0.130608,1.171674,0.000000
16,513,0,reroute,0.048178,3.738198,0.058723,0.027500,0.057069,0.072912,0.054210,0.840820,0.984375,0.341822,3.152635,0.000000
16,514,2,cond,0.124633,4.208377,0.260985,0.545000,0.138233,0.300214,0.625357,0.090515,0.928223,0.142290,1.541166,0.000000
16,515,2,unassigned,0.123127,4.061554,0.286768,0.575000,0.136638,0.203616,0.417293,0.375244,0.957520,0.138654,1.151331,0.000000
16,516,1,unassigned,0.078186,4.613717,0.161064,0.557500,0.090043,0.168153,0.053856,0.564941,0.974609,0.224713,1.732059,0.000000
16,517,3,cond,0.120944,3.975042,0.401524,0.910000,0.134483,0.454235,0.158658,0.308350,0.954102,0.160506,1.806573,0.000000
16,518,3,unassigned,0.112863,4.393403,0.311017,0.842500,0.126810,0.049731,0.061959,0.587891,0.970215,0.160301,1.694805,0.000000
16,519,1,unassigned,0.052514,4.371034,0.054313,0.042500,0.060172,0.126798,0.022355,0.683105,0.986328,0.137988,2.179605,0.000000
16,520,1,unassigned,0.075699,4.233875,0.048234,0.010000,0.086595,0.048947,0.011238,0.704590,0.968750,0.152326,1.935611,0.000000
16,521,1,unassigned,0.086981,4.566933,0.151859,0.340000,0.098922,0.198267,0.312166,0.569336,0.970703,0.199809,1.478571,0.000000
16,522,0,unassigned,0.109258,3.966184,0.245791,0.302500,0.122241,0.099774,0.009266,0.867676,0.979004,0.143391,2.594227,0.000000
16,523,0,sink,0.060792,3.302575,0.026633,0.010000,0.069267,0.066496,0.005446,0.918945,0.988281,0.151199,2.545205,0.000000
16,524,0,unassigned,0.032862,3.202249,0.017415,0.010000,0.038319,0.034005,0.005962,0.861328,0.974609,0.166777,3.194324,0.000000
16,525,3,cond,0.121917,4.231360,0.254397,0.575000,0.135603,0.307108,0.106005,0.557617,0.968750,0.208106,1.758817,0.000000
16,526,1,unassigned,0.059136,4.683918,0.035196,0.015000,0.067974,0.069209,0.045435,0.683594,0.985840,0.228666,2.125256,0.000000
16,527,1,unassigned,0.072244,4.276050,0.073378,0.022500,0.082328,0.105045,0.014405,0.541504,0.973633,0.153967,1.406662,0.000000
16,528,1,sink,0.073570,4.601460,0.071078,0.052500,0.084526,0.129136,0.027029,0.927246,0.986816,0.140050,2.607892,0.000000
16,529,2,cond,0.141006,3.232221,0.548047,0.937500,0.154353,0.551911,1.146099,0.043365,0.909668,0.180678,1.778513,0.000000
16,530,1,unassigned,0.113253,4.363988,0.093731,0.032500,0.125991,0.187180,0.044318,0.851074,0.979492,0.153434,1.626758,0.000000
16,531,3,cond,0.138802,1.600142,0.648529,0.825000,0.152112,0.411124,0.057959,0.959473,0.975586,0.177872,1.486121,0.000000
16,532,1,unassigned,0.101813,4.223535,0.140869,0.102500,0.114784,0.142737,0.186883,0.480225,0.968750,0.130238,1.563995,0.000000
16,533,0,unassigned,0.118023,4.281972,0.068410,0.017500,0.131595,0.042938,0.075309,0.714844,0.974609,0.181678,2.360410,0.000000
16,534,1,unassigned,0.042080,5.018086,0.030103,0.020000,0.048750,0.063794,0.031044,0.679199,0.979980,0.253380,1.765455,0.000000
16,535,1,unassigned,0.044318,3.836243,0.024117,0.010000,0.052457,0.049559,0.018422,0.836426,0.985840,0.181955,2.618459,0.000000
16,536,3,grounding,0.122716,2.549197,0.570709,0.882500,0.135948,0.204677,0.026225,0.810059,0.977051,0.123033,1.479298,0.000000
16,537,0,reroute,0.090848,4.182549,0.247720,0.652500,0.103534,0.088495,0.022687,0.906250,0.982422,0.320226,2.595864,0.000000
16,538,0,unassigned,0.100719,4.458053,0.127878,0.100000,0.114052,0.032753,0.038199,0.764648,0.981445,0.203273,2.303345,0.000000
16,539,3,sink,0.116084,3.802111,0.297513,0.580000,0.129526,0.257717,0.019256,0.947266,0.967285,0.211217,2.437132,0.000000
16,540,0,sink,0.117791,3.728572,0.384595,0.737500,0.131681,0.041379,0.011691,0.942871,0.963379,0.139529,3.478735,0.000000
16,541,3,unassigned,0.134204,4.277735,0.249769,0.415000,0.147802,0.128950,0.054167,0.648926,0.973145,0.176683,1.638823,0.000000
16,542,3,grounding,0.147088,3.452871,0.507434,0.955000,0.160388,0.268006,0.177658,0.499756,0.974121,0.182244,1.462469,0.000000
16,543,0,unassigned,0.141960,4.513559,0.122761,0.095000,0.155172,0.229571,0.037503,0.861816,0.972656,0.246878,1.881836,0.000000
17,544,3,grounding,0.160029,4.100824,0.397109,0.827500,0.172629,0.473006,0.107900,0.351807,0.969238,0.198127,1.757228,0.000000
17,545,1,unassigned,0.046127,4.733274,0.035441,0.017500,0.053750,0.088071,0.057521,0.768555,0.979492,0.284823,1.942284,0.000000
17,546,3,unassigned,0.140299,4.629363,0.240490,0.652500,0.153836,0.197529,0.027160,0.922363,0.990723,0.227009,2.371339,0.000000
17,547,0,unassigned,0.110764,4.008410,0.052867,0.012500,0.124138,0.053562,0.024426,0.919922,0.988770,0.214049,2.069323,0.000000
17,548,0,unassigned,0.124904,4.115045,0.072972,0.010000,0.138017,0.050348,0.011886,0.935547,0.979492,0.158683,2.141633,0.000000
17,549,1,unassigned,0.049735,4.714027,0.038304,0.022500,0.057026,0.063016,0.056305,0.797363,0.968750,0.222794,2.218747,0.000000
17,550,1,unassigned,0.041482,4.733016,0.031171,0.017500,0.047629,0.084154,0.025530,0.760742,0.980957,0.316370,2.104658,0.000000
17,551,1,unassigned,0.062895,4.429255,0.028311,0.010000,0.072974,0.036857,0.015706,0.924805,0.992188,0.195538,1.821526,0.000000
17,552,1,unassigned,0.038735,4.631800,0.029027,0.012500,0.044569,0.065617,0.014671,0.895508,0.977539,0.240285,1.616350,0.000000
17,553,1,unassigned,0.093131,4.568027,0.116059,0.232500,0.106034,0.281531,0.062476,0.723633,0.967285,0.163096,1.794812,0.000000
17,554,2,cond,0.148367,3.085953,0.518374,0.777500,0.161638,0.645135,0.435364,0.094727,0.908203,0.200934,1.792204,0.000000
17,555,3,cond,0.157479,3.375881,0.468254,0.885000,0.170129,0.615353,0.010750,0.958008,0.974121,0.127938,1.944734,0.000000
17,556,0,reroute,0.132411,3.454344,0.501373,0.930000,0.146164,0.045616,0.006137,0.982910,0.985352,0.308536,3.373891,0.000000
17,557,2,cond,0.136709,3.889332,0.317817,0.775000,0.150259,0.865674,0.558358,0.110535,0.920410,0.180643,2.430253,0.000000
17,558,1,unassigned,0.088614,4.154802,0.050327,0.007500,0.100819,0.064678,0.026360,0.724121,0.974609,0.197399,2.421740,0.000000
17,559,0,unassigned,0.101188,4.397031,0.114878,0.110000,0.113233,0.097491,0.006926,0.919922,0.989258,0.220490,2.903040,0.000000
17,560,3,grounding,0.156993,4.003466,0.346536,0.675000,0.169655,0.105669,0.030196,0.908203,0.982910,0.240794,2.102465,0.000000
17,561,1,unassigned,0.109302,4.196067,0.076036,0.010000,0.122802,0.090588,0.006110,0.900391,0.983398,0.127677,1.004104,0.000000
17,562,3,cond,0.156213,3.464348,0.502132,0.855000,0.169052,0.919242,0.076618,0.640625,0.974121,0.144572,2.227537,0.000000
17,563,1,unassigned,0.079552,4.294028,0.065604,0.040000,0.089655,0.060588,0.003430,0.877441,0.972168,0.233944,2.133452,0.000000
17,564,1,unassigned,0.061167,5.426057,0.037849,0.015000,0.071293,0.034969,0.018682,0.901855,0.981934,0.261336,1.537323,0.000000
17,565,1,unassigned,0.056722,4.885660,0.043702,0.010000,0.065388,0.050746,0.005432,0.726562,0.977051,0.189225,1.768423,0.000000
17,566,3,grounding,0.158874,2.234979,0.633910,0.862500,0.171466,0.473401,0.036428,0.966309,0.980957,0.179570,2.005099,0.000000
17,567,1,unassigned,0.092819,4.294072,0.061647,0.015000,0.105647,0.045476,0.041047,0.717285,0.973633,0.197733,1.512824,0.000000
17,568,1,unassigned,0.102830,4.599129,0.141195,0.232500,0.115690,0.099181,0.039069,0.704590,0.967773,0.148559,1.172388,0.000000
17,569,0,unassigned,0.110972,4.134265,0.174221,0.315000,0.124828,0.162355,0.010079,0.949707,0.967773,0.178113,2.375936,0.000000
17,570,0,reroute,0.106250,4.485711,0.072565,0.025000,0.119741,0.031383,0.014919,0.947754,0.966309,0.318713,3.402988,0.000000
17,571,0,reroute,0.116773,3.588345,0.410317,0.775000,0.130259,0.245793,0.031674,0.942383,0.964355,0.322327,2.768566,0.000000
17,572,1,unassigned,0.123791,4.194344,0.147905,0.085000,0.137026,0.334830,0.018327,0.710449,0.970703,0.206240,1.884099,0.000000
17,573,0,unassigned,0.096807,4.087789,0.038769,0.015000,0.109784,0.037226,0.054676,0.792969,0.971191,0.291078,2.328720,0.000000
17,574,3,cond,0.120714,3.552691,0.443639,0.825000,0.134353,0.572193,0.072441,0.653320,0.969238,0.210203,1.864447,0.000000
17,575,2,cond,0.146074,3.877215,0.364448,0.770000,0.159310,0.530141,0.196567,0.388916,0.936523,0.231324,1.762181,0.000000
18,576,1,unassigned,0.051453,4.334427,0.038281,0.010000,0.059267,0.067332,0.015428,0.875488,0.989258,0.138873,1.214381,0.000000
18,577,3,grounding,0.146213,2.510785,0.670158,0.917500,0.159612,0.162817,0.035751,0.750488,0.978027,0.300981,2.532489,0.000000
18,578,0,reroute,0.090395,2.802384,0.037120,0.012500,0.102672,0.057774,0.003542,0.976074,0.979980,0.213916,4.720078,0.000000
18,579,1,unassigned,0.076801,4.124734,0.088922,0.032500,0.089138,0.057268,0.006800,0.925781,0.993164,0.226311,2.310833,0.000000
18,580,1,unassigned,0.056470,4.457560,0.057850,0.032500,0.066078,0.067319,0.015682,0.694336,0.970215,0.127755,1.524511,0.000000
18,581,0,unassigned,0.063281,4.093314,0.034555,0.007500,0.072500,0.042668,0.010890,0.885254,0.973633,0.247360,3.321842,0.000000
18,582,1,unassigned,0.058003,2.656676,0.018781,0.012500,0.065172,0.057412,0.002362,0.843262,0.983398,0.216317,2.043504,0.000000
18,583,0,reroute,0.071038,3.209264,0.039769,0.010000,0.081034,0.082993,0.001766,0.950684,0.968750,0.209796,4.189957,0.000000
18,584,1,unassigned,0.090189,3.262389,0.054344,0.012500,0.103190,0.073264,0.009525,0.484375,0.969727,0.165496,2.523994,0.000000
18,585,1,unassigned,0.106756,4.614453,0.134668,0.142500,0.120000,0.146586,0.129674,0.684570,0.976562,0.262418,1.778762,0.000000
18,586,3,cond,0.169465,3.160820,0.546592,0.840000,0.181379,1.052519,0.234189,0.438721,0.958984,0.134794,1.993018,0.000000
18,587,0,unassigned,0.107634,3.961408,0.149721,0.072500,0.121466,0.078697,0.009296,0.922363,0.989746,0.144120,2.567661,0.000000
18,588,1,unassigned,0.084938,4.815160,0.115831,0.302500,0.097069,0.149964,0.036567,0.750000,0.987305,0.184630,1.682935,0.000000
18,589,1,reroute,0.063660,4.027716,0.033203,0.007500,0.072543,0.046257,0.068892,0.675781,0.974609,0.272666,3.342825,0.000000
18,590,1,unassigned,0.072057,4.536210,0.036806,0.015000,0.082888,0.042664,0.023920,0.769043,0.976074,0.288120,2.464925,0.000000
18,591,3,grounding,0.149635,3.939312,0.426251,0.877500,0.162759,0.489480,0.157367,0.417969,0.969238,0.137537,1.861864,0.000000
18,592,3,grounding,0.132724,3.993949,0.398013,0.842500,0.146466,0.228664,0.057504,0.905762,0.983398,0.173370,2.157393,0.000000
18,593,1,unassigned,0.093702,3.603245,0.039364,0.017500,0.106336,0.062476,0.045776,0.865723,0.974121,0.165108,1.916192,0.000000
18,594,3,unassigned,0.137946,4.491564,0.255630,0.802500,0.151509,0.170891,0.038555,0.946777,0.965332,0.190209,1.793286,0.000000
18,595,1,unassigned,0.097783,4.330355,0.076612,0.015000,0.110776,0.060781,0.005923,0.969727,0.977539,0.182243,2.531453,0.000000
18,596,1,unassigned,0.096378,3.815282,0.163041,0.087500,0.109655,0.068743,0.015119,0.919922,0.989258,0.268436,2.158881,0.000000
18,597,0,sink,0.035944,3.279403,0.017825,0.012500,0.041250,0.031530,0.001732,0.978516,0.981934,0.228521,3.419882,0.000000
18,598,1,unassigned,0.054973,4.682023,0.029893,0.022500,0.064181,0.062302,0.034771,0.824707,0.982910,0.290316,2.050010,0.000000
18,599,3,grounding,0.136545,3.250376,0.488639,0.812500,0.150216,0.248983,0.198926,0.490723,0.970215,0.250748,1.581738,0.000000
18,600,0,unassigned,0.098302,3.909123,0.039532,0.020000,0.111336,0.050000,0.009499,0.934570,0.980957,0.242831,3.506538,0.000000
18,601,1,unassigned,0.110624,3.959002,0.055540,0.012500,0.124138,0.060045,0.009917,0.644531,0.975586,0.266267,2.008037,0.000000
18,602,1,unassigned,0.034215,4.581716,0.029421,0.010000,0.040345,0.137113,0.015919,0.685059,0.985352,0.169020,1.958260,0.000000
18,603,1,unassigned,0.030147,3.826499,0.020086,0.020000,0.034784,0.043692,0.002971,0.898438,0.980957,0.244926,2.204790,0.000000
18,604,1,unassigned,0.060459,3.590979,0.035131,0.015000,0.068621,0.087922,0.003323,0.897949,0.977051,0.264706,2.462125,0.000000
18,605,0,sink,0.079533,3.767944,0.042449,0.010000,0.090431,0.029656,0.002193,0.983398,0.985352,0.172266,4.285776,0.000000
18,606,3,cond,0.154913,1.983126,0.678193,0.967500,0.167716,1.035304,0.033185,0.833008,0.987793,0.230588,2.425243,0.000000
18,607,2,cond,0.156471,2.864423,0.595511,0.847500,0.169267,0.641766,0.911643,0.153931,0.885254,0.141835,1.844931,0.000000
19,608,0,unassigned,0.057668,2.670859,0.017161,0.010000,0.066638,0.047137,0.000917,0.984375,0.985840,0.159733,3.701866,0.000000
19,609,1,unassigned,0.084912,4.821348,0.044579,0.012500,0.097284,0.057617,0.030303,0.757324,0.986816,0.182272,1.992940,0.000000
19,610,0,reroute,0.062930,3.455494,0.035577,0.012500,0.073147,0.076153,0.004965,0.948242,0.966309,0.220492,4.346626,0.000000
19,611,1,unassigned,0.107802,3.938220,0.093780,0.017500,0.121724,0.090700,0.005087,0.978027,0.981445,0.189165,2.614734,0.000000
19,612,3,cond,0.144167,2.698434,0.578785,0.905000,0.157414,0.460298,0.095908,0.645508,0.971191,0.143580,1.831772,0.000000
19,613,1,unassigned,0.042142,5.032108,0.051023,0.072500,0.049612,0.099237,0.020006,0.860840,0.974121,0.140575,1.455243,0.000000
19,614,2,cond,0.119084,4.649614,0.182464,0.487500,0.132931,0.564906,0.415357,0.358643,0.946289,0.173334,1.628896,0.000000
19,615,3,unassigned,0.147981,3.711700,0.370406,0.710000,0.161164,0.211549,0.025725,0.913086,0.984375,0.130004,2.250498,0.000000
19,616,3,cond,0.136570,2.842807,0.650061,0.955000,0.150302,0.501925,0.018730,0.960449,0.976074,0.134872,2.008262,0.000000
19,617,3,unassigned,0.121011,3.336965,0.466054,0.925000,0.135000,0.325742,0.023730,0.957031,0.973633,0.151642,1.898248,0.000000
19,618,3,cond,0.150513,2.354689,0.618727,0.827500,0.163664,0.589495,0.026880,0.934082,0.988770,0.181714,1.928783,0.000000
19,619,1,unassigned,0.114660,5.397896,0.054835,0.015000,0.127931,0.036122,0.013774,0.922852,0.990234,0.231660,2.293873,0.000000
19,620,3,unassigned,0.112994,3.114759,0.446145,0.840000,0.127026,0.210217,0.022218,0.944824,0.963867,0.213899,1.418483,0.000000
19,621,0,unassigned,0.130657,4.024487,0.082502,0.015000,0.144095,0.115554,0.015391,0.795898,0.969727,0.219885,2.740155,0.000000
19,622,3,grounding,0.146002,2.713997,0.584596,0.902500,0.159397,0.298459,0.010244,0.914551,0.984863,0.148819,1.895588,0.000000
19,623,3,cond,0.151144,2.029324,0.637126,0.925000,0.164267,0.435918,0.104222,0.680176,0.979980,0.293299,2.857899,0.000000
19,624,1,reroute,0.050900,3.021529,0.022747,0.010000,0.057802,0.046830,0.003767,0.556641,0.979004,0.187251,4.154039,0.000000
19,625,3,grounding,0.139821,2.176470,0.675391,0.945000,0.153319,0.273931,0.067506,0.942871,0.962891,0.210065,1.942572,0.000000
19,626,1,unassigned,0.103846,4.766514,0.109075,0.130000,0.116724,0.184447,0.120827,0.635742,0.978516,0.196015,1.795987,0.000000
19,627,3,grounding,0.140795,2.737073,0.615407,0.870000,0.154397,0.294222,0.162079,0.808105,0.976074,0.190492,1.431842,0.000000
19,628,0,reroute,0.109943,3.857854,0.055774,0.007500,0.123578,0.042009,0.025267,0.876953,0.987793,0.291250,3.148567,0.000000
19,629,3,unassigned,0.133826,3.110611,0.457003,0.897500,0.147629,0.167068,0.003912,0.976074,0.980469,0.222707,2.005762,0.000000
19,630,0,unassigned,0.088857,3.258026,0.036962,0.015000,0.101379,0.030652,0.036488,0.834473,0.985840,0.204861,3.299030,0.000000
19,631,1,unassigned,0.100461,4.665865,0.053268,0.015000,0.113448,0.062447,0.022468,0.895508,0.979492,0.240884,2.728829,0.000000
19,632,0,unassigned,0.106448,3.726306,0.039324,0.010000,0.119828,0.063784,0.006388,0.920410,0.988770,0.201899,2.878811,0.000000
19,633,3,unassigned,0.139307,3.268330,0.552075,0.947500,0.152931,0.174714,0.013633,0.968262,0.978516,0.156518,2.504575,0.000000
19,634,1,unassigned,0.104853,3.750364,0.111837,0.047500,0.118534,0.147000,0.044239,0.889160,0.975098,0.134231,1.944174,0.000000
19,635,3,cond,0.136899,3.811165,0.275864,0.415000,0.150043,0.393690,0.056725,0.657227,0.970703,0.243611,2.015595,0.000000
19,636,0,reroute,0.100152,3.832610,0.082979,0.020000,0.113578,0.035195,0.014384,0.875488,0.988770,0.355373,3.034027,0.000000
19,637,0,reroute,0.099829,2.944344,0.031968,0.010000,0.113319,0.028368,0.020638,0.748047,0.984863,0.334875,3.558601,0.000000
19,638,1,unassigned,0.112669,4.219053,0.129309,0.097500,0.126466,0.056675,0.018309,0.875000,0.993164,0.163626,2.858198,0.000000
19,639,2,unassigned,0.131767,3.565475,0.391384,0.792500,0.145388,0.236528,0.054534,0.419678,0.964355,0.118927,1.355227,0.000000
20,640,3,cond,0.124103,3.136650,0.503518,0.890000,0.137931,0.709884,0.070601,0.786133,0.970215,0.200724,1.620250,0.000000
20,641,3,grounding,0.144715,3.556125,0.465937,0.895000,0.158103,0.437584,0.034611,0.934570,0.991211,0.139490,1.449122,0.000000
20,642,1,unassigned,0.072255,4.804915,0.056380,0.015000,0.084138,0.048567,0.017123,0.881348,0.970703,0.258601,2.560810,0.000000
20,643,3,unassigned,0.103067,3.970381,0.357103,0.887500,0.116638,0.307917,0.059178,0.761230,0.980957,0.112617,1.486136,0.000000
20,644,1,unassigned,0.059076,4.057354,0.028549,0.010000,0.067888,0.048698,0.020059,0.856934,0.977051,0.197291,1.761470,0.000000
20,645,1,unassigned,0.099526,4.644597,0.167429,0.560000,0.112716,0.256348,0.072062,0.718750,0.972168,0.148183,1.493739,0.000000
20,646,0,reroute,0.096715,4.116936,0.034840,0.015000,0.109741,0.051341,0.044266,0.746094,0.987305,0.316400,2.677577,0.000000
20,647,1,unassigned,0.095507,4.631729,0.122697,0.207500,0.108707,0.102895,0.045003,0.712891,0.975098,0.208277,1.319438,0.000000
20,648,3,unassigned,0.113021,3.583026,0.388171,0.820000,0.126767,0.318640,0.116018,0.884766,0.979004,0.112712,1.187711,0.000000
20,649,0,reroute,0.111490,3.992012,0.047085,0.017500,0.125302,0.052830,0.013214,0.908691,0.980957,0.293094,3.048459,0.000000
20,650,3,cond,0.120050,1.731519,0.657255,0.877500,0.133879,0.474643,0.047938,0.883301,0.974609,0.163261,1.852399,0.000000
20,651,2,unassigned,0.099735,4.556839,0.195410,0.622500,0.113233,0.282593,0.227378,0.693359,0.974121,0.270146,1.593010,0.000000
20,652,2,unassigned,0.088037,4.546755,0.166075,0.480000,0.100819,0.341944,0.246567,0.379150,0.935547,0.129659,1.332390,0.000000
20,653,1,unassigned,0.063197,4.616614,0.046689,0.010000,0.073621,0.158254,0.021505,0.777344,0.977539,0.184061,1.820944,0.000000
20,654,1,unassigned,0.093917,4.493812,0.155806,0.422500,0.107198,0.205539,0.010661,0.970215,0.976562,0.108862,1.298577,0.000000
20,655,1,unassigned,0.059560,4.836715,0.057235,0.027500,0.069440,0.121477,0.004982,0.758789,0.987793,0.201770,1.695091,0.000000
20,656,0,reroute,0.083511,4.712058,0.039718,0.010000,0.094871,0.043432,0.021425,0.807129,0.974121,0.240201,3.059614,0.000000
20,657,1,unassigned,0.098209,4.405675,0.119943,0.152500,0.111638,0.177041,0.046008,0.944824,0.963379,0.154396,1.337835,0.000000
20,658,1,unassigned,0.106025,4.048464,0.245318,0.532500,0.119828,0.190420,0.053642,0.759766,0.984375,0.108788,1.254902,0.000000
20,659,0,reroute,0.079514,2.811215,0.028608,0.020000,0.091595,0.041013,0.003971,0.913574,0.982422,0.391889,4.094475,0.000000
20,660,3,cond,0.096799,3.680155,0.354100,0.740000,0.110043,0.368625,0.008679,0.870117,0.989258,0.187435,1.752244,0.000000
20,661,0,unassigned,0.113062,4.715082,0.197160,0.455000,0.126724,0.047355,0.003936,0.933594,0.986328,0.265326,2.097409,0.000000
20,662,1,unassigned,0.107812,4.743261,0.153319,0.185000,0.121638,0.039724,0.024073,0.875488,0.994141,0.144092,1.727256,0.000000
20,663,1,unassigned,0.075844,4.967531,0.045199,0.020000,0.088060,0.031219,0.051300,0.910645,0.981934,0.191632,2.078446,0.000000
20,664,0,unassigned,0.100282,3.865720,0.041242,0.010000,0.113448,0.042590,0.011320,0.764648,0.983887,0.208460,3.145880,0.000000
20,665,1,unassigned,0.105283,4.727566,0.067732,0.027500,0.118793,0.117597,0.075653,0.827637,0.992188,0.253551,1.764448,0.000000
20,666,0,unassigned,0.098645,4.057917,0.076071,0.010000,0.111810,0.069831,0.007261,0.943359,0.962891,0.173593,3.397747,0.000000
20,667,3,grounding,0.147125,3.132430,0.502093,0.815000,0.160474,0.312819,0.036770,0.936523,0.984375,0.213014,1.642314,0.000000
20,668,3,reroute,0.139606,3.721073,0.220480,0.267500,0.153276,0.337298,0.100993,0.926270,0.989746,0.307518,2.508385,0.000000
20,669,3,grounding,0.126719,2.940908,0.472861,0.832500,0.140603,0.369231,0.025008,0.966797,0.981445,0.165332,1.837829,0.000000
20,670,3,grounding,0.150544,3.196754,0.531492,0.917500,0.163664,0.238153,0.044729,0.868652,0.975098,0.146725,1.390158,0.000000
20,671,2,unassigned,0.127524,4.698307,0.202910,0.395000,0.141379,0.088368,0.135132,0.199829,0.965820,0.169129,1.098262,0.000000
21,672,1,unassigned,0.113199,4.350356,0.093846,0.015000,0.126810,0.057894,0.004315,0.977539,0.980957,0.157186,1.638977,0.000000
21,673,3,cond,0.133911,2.716268,0.571845,0.912500,0.147629,0.373868,0.017091,0.958008,0.974121,0.110912,1.597519,0.000000
21,674,1,unassigned,0.122285,4.445300,0.120077,0.062500,0.135991,0.053726,0.008456,0.972168,0.976562,0.169583,1.636756,0.000000
21,675,0,unassigned,0.098621,3.605287,0.089135,0.040000,0.112155,0.053413,0.015408,0.956543,0.972168,0.202159,2.701528,0.000000
21,676,3,grounding,0.128146,3.500094,0.459802,0.922500,0.142069,0.204376,0.048225,0.923828,0.990723,0.113236,1.285499,0.000000
21,677,3,grounding,0.141553,3.138887,0.508551,0.755000,0.155043,0.154977,0.020118,0.957031,0.973145,0.164924,1.623573,0.000000
21,678,0,unassigned,0.114274,3.810156,0.067393,0.012500,0.128060,0.034209,0.007094,0.945801,0.963379,0.168860,3.082325,0.000000
21,679,1,unassigned,0.092122,4.546945,0.057319,0.010000,0.105302,0.045006,0.021352,0.829102,0.991699,0.215650,1.755531,0.000000
21,680,1,unassigned,0.097007,3.654065,0.049348,0.010000,0.109871,0.048571,0.007096,0.846680,0.985352,0.180334,1.779966,0.000000
21,681,1,unassigned,0.108486,4.383214,0.195564,0.520000,0.122284,0.281667,0.027254,0.916992,0.987305,0.100333,1.602577,0.000000
21,682,2,unassigned,0.125243,4.233809,0.243958,0.537500,0.138966,0.282256,0.115140,0.359375,0.955566,0.188999,1.703960,0.000000
21,683,1,unassigned,0.078797,4.270334,0.035532,0.010000,0.090517,0.038691,0.014079,0.963379,0.977539,0.176711,2.856940,0.000000
21,684,1,unassigned,0.053067,4.447466,0.047038,0.037500,0.061466,0.070547,0.014448,0.922363,0.989746,0.193456,2.408499,0.000000
21,685,2,grounding,0.138507,3.629894,0.413407,0.665000,0.152069,0.235873,0.271160,0.707520,0.971680,0.281236,1.659092,0.000000
21,686,1,unassigned,0.110638,4.362835,0.125480,0.152500,0.123319,0.086023,0.040388,0.344238,0.975098,0.150182,0.861028,0.000000
21,687,3,unassigned,0.090577,3.674475,0.344775,0.872500,0.103922,0.163793,0.010925,0.971680,0.977051,0.111595,1.460813,0.000000
21,688,3,cond,0.134380,3.265909,0.470607,0.877500,0.148190,0.504403,0.038908,0.912109,0.983398,0.139294,1.668452,0.000000
21,689,0,reroute,0.097299,4.131744,0.053025,0.020000,0.110129,0.047000,0.013317,0.823730,0.991211,0.221893,2.966584,0.000000
21,690,0,reroute,0.106078,3.459379,0.038275,0.010000,0.119181,0.063447,0.020716,0.934082,0.986328,0.220485,2.966386,0.000000
21,691,1,unassigned,0.065783,4.205229,0.033639,0.020000,0.077112,0.034528,0.026612,0.817383,0.991211,0.259874,1.951438,0.000000
21,692,1,reroute,0.070630,4.623192,0.039955,0.010000,0.081853,0.039346,0.024602,0.879395,0.980469,0.277490,2.945925,0.000000
21,693,0,unassigned,0.103698,3.787842,0.048670,0.010000,0.117069,0.034232,0.017934,0.934570,0.979004,0.198816,3.024371,0.000000
21,694,0,unassigned,0.058226,3.207117,0.030816,0.012500,0.067069,0.083007,0.001850,0.968262,0.976562,0.137197,3.615852,0.000000
21,695,1,reroute,0.057590,3.953210,0.036613,0.012500,0.067802,0.077954,0.014335,0.934570,0.988770,0.203227,3.318391,0.000000
21,696,1,unassigned,0.071776,4.378544,0.064960,0.022500,0.083147,0.099630,0.016729,0.935547,0.984863,0.186870,2.353185,0.000000
21,697,1,unassigned,0.095499,4.884570,0.086964,0.055000,0.107457,0.087696,0.032312,0.310303,0.979492,0.145058,0.885998,0.000000
21,698,3,cond,0.137532,3.446394,0.445347,0.800000,0.151207,0.364491,0.067123,0.898438,0.980957,0.140273,1.523771,0.000000
21,699,3,unassigned,0.109897,3.248546,0.428730,0.912500,0.123793,0.278319,0.034071,0.957520,0.973633,0.157966,1.425404,0.000000
21,700,3,cond,0.134386,2.707778,0.584721,0.910000,0.148060,0.414903,0.020001,0.947266,0.966309,0.161285,1.494585,0.000000
21,701,3,unassigned,0.104690,3.379482,0.433227,0.915000,0.118534,0.219356,0.031111,0.946777,0.964844,0.159714,1.657043,0.000000
21,702,3,cond,0.131877,2.217329,0.626325,0.922500,0.145560,0.405749,0.029266,0.973145,0.979004,0.276137,2.814750,0.000000
21,703,1,unassigned,0.087285,3.958112,0.263480,0.770000,0.100345,0.299808,0.036487,0.872070,0.988770,0.104205,1.678360,0.000000
22,704,1,unassigned,0.066626,3.138436,0.023240,0.007500,0.077457,0.052035,0.007260,0.891113,0.975098,0.231692,2.557218,0.000000
22,705,0,unassigned,0.071728,3.142270,0.031793,0.010000,0.083190,0.054099,0.009113,0.946777,0.964355,0.216553,2.740589,0.000000
22,706,1,reroute,0.065874,3.196098,0.030097,0.017500,0.076767,0.034880,0.025215,0.628418,0.962891,0.361405,3.089198,0.000000
22,707,1,unassigned,0.047639,4.993483,0.034727,0.010000,0.056638,0.022067,0.057577,0.935547,0.990723,0.179325,2.530028,0.000000
22,708,1,unassigned,0.068770,3.554277,0.035674,0.012500,0.079397,0.078231,0.004809,0.950195,0.967773,0.169291,2.364502,0.000000
22,709,1,unassigned,0.069460,4.324159,0.035684,0.012500,0.080948,0.061010,0.026389,0.922363,0.990234,0.228760,2.219658,0.000000
22,710,3,unassigned,0.117020,3.844068,0.385942,0.877500,0.130948,0.108061,0.008661,0.968262,0.976074,0.166184,0.957435,0.000000
22,711,3,unassigned,0.118447,3.800322,0.169369,0.190000,0.132112,0.125578,0.030834,0.879883,0.976562,0.133635,1.614917,0.000000
22,712,3,grounding,0.119074,2.954815,0.490128,0.880000,0.132974,0.219062,0.052005,0.758301,0.987305,0.132744,1.328168,0.000000
22,713,3,grounding,0.125096,3.094971,0.512656,0.902500,0.139009,0.263065,0.030826,0.912109,0.983398,0.172281,1.605707,0.000000
22,714,0,unassigned,0.077612,2.850504,0.038289,0.015000,0.089138,0.158392,0.005553,0.933105,0.989258,0.157559,2.960500,0.000000
22,715,2,unassigned,0.108077,3.469648,0.187306,0.272500,0.120991,0.157534,0.020578,0.661133,0.970215,0.211079,2.245142,0.000000
22,716,1,unassigned,0.065348,4.684621,0.040463,0.010000,0.074655,0.048998,0.014146,0.817871,0.989258,0.186599,2.332774,0.000000
22,717,0,unassigned,0.106778,3.496436,0.056394,0.010000,0.119784,0.029780,0.006362,0.914551,0.984375,0.144960,3.361844,0.000000
22,718,1,unassigned,0.083752,4.084179,0.073594,0.025000,0.095388,0.065502,0.008648,0.925781,0.992188,0.184637,2.188112,0.000000
22,719,0,reroute,0.085694,2.747762,0.022309,0.012500,0.098319,0.032757,0.004333,0.977539,0.980957,0.188281,4.426078,0.000000
22,720,1,cond,0.072679,3.651649,0.270152,0.670000,0.084310,0.354817,0.034433,0.913086,0.983398,0.164712,1.781098,0.000000
22,721,3,grounding,0.122441,2.603737,0.591599,0.907500,0.136422,0.197362,0.092911,0.886230,0.977539,0.117897,0.811018,0.000000
22,722,0,unassigned,0.105136,3.529478,0.040268,0.010000,0.118362,0.038518,0.011523,0.887695,0.973145,0.179396,2.643971,0.000000
22,723,3,cond,0.107831,2.561060,0.531978,0.855000,0.121681,0.403988,0.064734,0.844238,0.978027,0.092161,1.765475,0.000000
22,724,1,unassigned,0.081397,3.842160,0.090325,0.050000,0.093922,0.111568,0.006074,0.970215,0.976074,0.196801,2.438783,0.000000
22,725,1,unassigned,0.070767,3.602410,0.048785,0.010000,0.079957,0.086133,0.003750,0.944336,0.963379,0.153428,1.850917,0.000000
22,726,3,cond,0.116207,1.869057,0.684201,0.930000,0.130172,0.363616,0.015224,0.958496,0.974121,0.114470,1.673705,0.000000
22,727,3,grounding,0.134121,2.725855,0.537692,0.892500,0.147888,0.201674,0.022087,0.972656,0.978027,0.118036,1.505302,0.000000
22,728,3,grounding,0.116063,2.681110,0.534107,0.897500,0.129828,0.195240,0.018774,0.964355,0.976562,0.205539,1.584163,0.000000
22,729,1,unassigned,0.104594,4.034898,0.117361,0.077500,0.116164,0.138256,0.013769,0.891602,0.975098,0.157709,1.850845,0.000000
22,730,1,unassigned,0.048128,3.926586,0.044190,0.025000,0.055431,0.247850,0.002378,0.957520,0.973633,0.163247,1.615871,0.000000
22,731,2,cond,0.069671,2.716707,0.499884,0.870000,0.081509,0.344868,0.143416,0.876465,0.987793,0.106436,1.481246,0.000000
22,732,0,unassigned,0.083233,3.531609,0.040620,0.010000,0.095431,0.050853,0.008246,0.970703,0.976562,0.161857,2.522618,0.000000
22,733,0,unassigned,0.088189,2.531396,0.047835,0.010000,0.101121,0.050502,0.005545,0.977051,0.980469,0.143958,3.611060,0.000000
22,734,3,cond,0.117770,2.784941,0.577286,0.955000,0.131509,0.597461,0.071806,0.841309,0.983398,0.156933,1.942486,0.000000
22,735,0,reroute,0.086533,2.553370,0.274738,0.395000,0.099698,0.044507,0.022777,0.934570,0.997070,0.344868,3.370499,0.000000
23,736,3,unassigned,0.089325,3.671443,0.353215,0.832500,0.102500,0.153586,0.027444,0.903809,0.982422,0.144268,1.310038,0.000000
23,737,1,unassigned,0.065824,3.743712,0.040644,0.010000,0.076983,0.093933,0.004532,0.947754,0.965332,0.183473,3.381251,0.000000
23,738,1,unassigned,0.066055,3.662563,0.033675,0.010000,0.077155,0.045943,0.020210,0.944824,0.967285,0.164065,3.082021,0.000000
23,739,2,unassigned,0.065984,4.766437,0.046648,0.010000,0.075690,0.075845,0.121965,0.322998,0.967285,0.143766,1.127676,0.000000
23,740,1,unassigned,0.090693,3.862723,0.052436,0.010000,0.102069,0.053459,0.013160,0.553223,0.977051,0.178560,2.213652,0.000000
23,741,1,unassigned,0.094984,3.883049,0.040927,0.007500,0.106681,0.041787,0.007080,0.797852,0.967773,0.196237,2.531107,0.000000
23,742,1,unassigned,0.104987,4.335796,0.048282,0.007500,0.118319,0.033311,0.050833,0.817871,0.993164,0.188025,2.654732,0.000000
23,743,3,grounding,0.109003,2.788270,0.546696,0.940000,0.122802,0.161900,0.008893,0.969727,0.975098,0.154877,1.307271,0.000000
23,744,3,cond,0.121902,2.711981,0.551619,0.892500,0.135948,0.294585,0.024803,0.940430,0.968262,0.108945,1.408630,0.000000
23,745,3,grounding,0.137518,3.411806,0.418912,0.717500,0.151121,0.076484,0.084203,0.834961,0.985840,0.232408,1.396470,0.000000
23,746,1,unassigned,0.070424,3.294161,0.028498,0.022500,0.081422,0.037376,0.008012,0.849121,0.979980,0.279618,2.415619,0.000000
23,747,1,unassigned,0.065082,4.352188,0.045206,0.010000,0.075431,0.062044,0.022387,0.915527,0.985840,0.169758,2.549773,0.000000
23,748,0,unassigned,0.101784,3.055975,0.040018,0.022500,0.114526,0.034803,0.003359,0.939453,0.969727,0.280406,2.408500,0.000000
23,749,0,unassigned,0.076750,3.115849,0.029914,0.007500,0.088147,0.032283,0.011256,0.948242,0.967773,0.173088,3.706452,0.000000
23,750,1,unassigned,0.099281,4.490306,0.049691,0.010000,0.112586,0.046936,0.026517,0.914062,0.984863,0.257989,2.359482,0.000000
23,751,0,unassigned,0.099570,3.294743,0.071333,0.020000,0.113060,0.036423,0.011981,0.965332,0.979492,0.159010,2.731050,0.000000
23,752,3,unassigned,0.096670,4.579697,0.207987,0.687500,0.110000,0.106583,0.009083,0.942383,0.962891,0.096319,0.720902,0.000000
23,753,2,grounding,0.123740,4.467408,0.150801,0.140000,0.137672,0.127871,0.092764,0.781250,0.967773,0.191725,1.051438,0.000000
23,754,1,unassigned,0.061830,3.700137,0.032184,0.012500,0.071034,0.049641,0.003421,0.757324,0.988770,0.199632,2.202287,0.000000
23,755,1,unassigned,0.090776,4.152790,0.052899,0.015000,0.102888,0.070928,0.013186,0.951172,0.968262,0.224329,2.278677,0.000000
23,756,3,cond,0.109790,2.613107,0.556294,0.897500,0.123707,0.294953,0.040141,0.880371,0.979492,0.100869,1.617410,0.000000
23,757,0,unassigned,0.118743,3.379198,0.060182,0.007500,0.132241,0.025533,0.012178,0.957520,0.973633,0.157362,3.768330,0.000000
23,758,0,unassigned,0.086731,3.531317,0.058677,0.010000,0.099353,0.025027,0.009103,0.961914,0.977051,0.170941,3.780110,0.000000
23,759,0,reroute,0.090970,2.939785,0.033741,0.010000,0.103922,0.021374,0.006394,0.963867,0.978027,0.172707,4.528880,0.000000
23,760,1,unassigned,0.090424,4.180112,0.059806,0.010000,0.103362,0.070954,0.008774,0.944336,0.961914,0.180568,2.492800,0.000000
23,761,1,unassigned,0.089475,3.532879,0.038370,0.012500,0.101638,0.067947,0.013207,0.950684,0.968750,0.182282,1.816988,0.000000
23,762,0,unassigned,0.091410,3.940125,0.050178,0.012500,0.102802,0.026273,0.005512,0.939453,0.968262,0.198898,3.542224,0.000000
23,763,1,unassigned,0.073832,4.681401,0.037781,0.010000,0.084612,0.041833,0.008772,0.874512,0.987793,0.201364,1.944033,0.000000
23,764,0,reroute,0.084512,2.689712,0.048679,0.040000,0.096509,0.110122,0.023169,0.585938,0.961914,0.384552,3.936783,0.000000
23,765,3,grounding,0.131650,4.449816,0.209878,0.325000,0.145302,0.046420,0.019819,0.908691,0.982910,0.181784,1.155135,0.000000
23,766,3,unassigned,0.105923,3.972681,0.196313,0.212500,0.119526,0.058562,0.018265,0.970215,0.976562,0.135027,1.963439,0.000000
23,767,2,cond,0.092375,3.622746,0.327467,0.802500,0.105474,0.272656,0.145561,0.783203,0.971680,0.150231,1.468787,0.000000
24,768,0,unassigned,0.075225,3.800725,0.037233,0.015000,0.085862,0.041565,0.005912,0.957520,0.973633,0.169187,2.845421,0.000000
24,769,3,cond,0.131014,3.942458,0.271818,0.475000,0.144828,0.297486,0.164577,0.707031,0.969727,0.201243,1.329897,0.000000
24,770,0,unassigned,0.103416,3.267213,0.053442,0.010000,0.117026,0.033573,0.008399,0.957031,0.972656,0.148124,3.180245,0.000000
24,771,3,grounding,0.124255,2.279017,0.685795,0.955000,0.138190,0.212166,0.072478,0.912598,0.984863,0.102571,1.407455,0.000000
24,772,3,unassigned,0.117006,3.268029,0.449228,0.880000,0.130776,0.152339,0.044301,0.834473,0.987793,0.143830,1.250654,0.000000
24,773,1,unassigned,0.067901,5.405740,0.084444,0.297500,0.079569,0.036555,0.019027,0.860352,0.974609,0.244526,1.528046,0.000000
24,774,0,reroute,0.085647,3.471787,0.071930,0.015000,0.095474,0.158337,0.001817,0.609863,0.976074,0.249436,3.137624,0.000000
24,775,1,unassigned,0.040967,4.799305,0.026642,0.010000,0.048276,0.035584,0.035057,0.328857,0.968262,0.196498,0.993140,0.000000
24,776,3,cond,0.113625,2.777526,0.572405,0.940000,0.127371,0.310938,0.024220,0.926758,0.994141,0.173540,1.199703,0.000000
24,777,0,unassigned,0.107469,3.854094,0.058460,0.010000,0.120991,0.044420,0.031120,0.921387,0.990723,0.171939,2.162205,0.000000
24,778,1,unassigned,0.069956,3.785308,0.032522,0.012500,0.080345,0.076469,0.004315,0.912598,0.983398,0.290161,1.883767,0.000000
24,779,3,unassigned,0.097557,1.725430,0.731497,0.952500,0.111164,0.237959,0.014158,0.969727,0.976074,0.102113,1.507686,0.000000
24,780,0,unassigned,0.109007,3.903103,0.115938,0.032500,0.122629,0.026374,0.006090,0.944336,0.961914,0.158012,3.285082,0.000000
24,781,1,unassigned,0.091380,5.006973,0.079812,0.015000,0.104569,0.056531,0.091611,0.608398,0.974609,0.225282,1.268703,0.000000
24,782,3,unassigned,0.099313,3.289096,0.417636,0.882500,0.112845,0.189741,0.084808,0.850586,0.980469,0.112459,1.521919,0.000000
24,783,3,cond,0.109808,2.588498,0.569165,0.917500,0.123448,0.282042,0.052049,0.877441,0.985352,0.094735,1.482928,0.000000
24,784,3,unassigned,0.107102,2.869034,0.517879,0.922500,0.120905,0.182701,0.014664,0.962402,0.977051,0.122581,1.218585,0.000000
24,785,3,unassigned,0.078794,3.452743,0.368141,0.822500,0.091250,0.255875,0.039071,0.871094,0.979492,0.095208,1.498701,0.000000
24,786,1,unassigned,0.016221,4.867730,0.019776,0.010000,0.019353,0.038336,0.010469,0.555664,0.978027,0.226645,1.207866,0.000000
24,787,1,unassigned,0.065573,4.019121,0.047001,0.022500,0.075474,0.040326,0.008133,0.889160,0.974609,0.234074,2.519945,0.000000
24,788,1,unassigned,0.083327,4.473121,0.060929,0.012500,0.096034,0.038535,0.022745,0.873535,0.992676,0.237540,1.980075,0.000000
24,789,0,unassigned,0.097894,3.282000,0.042471,0.010000,0.110647,0.024866,0.005105,0.970703,0.977051,0.159418,3.779402,0.000000
24,790,1,unassigned,0.088264,3.865938,0.038945,0.010000,0.100129,0.041976,0.012281,0.874023,0.989746,0.181028,2.227602,0.000000
24,791,1,unassigned,0.106015,4.762042,0.129374,0.127500,0.119483,0.045852,0.007170,0.819824,0.994141,0.217214,1.662909,0.000000
24,792,3,unassigned,0.101214,3.202265,0.443513,0.877500,0.114784,0.267025,0.217460,0.666504,0.971191,0.101824,1.542113,0.000000
24,793,1,unassigned,0.092991,4.602950,0.051483,0.012500,0.106078,0.040077,0.044931,0.897949,0.980957,0.174523,2.059818,0.000000
24,794,0,unassigned,0.097946,2.995412,0.048523,0.012500,0.110474,0.049521,0.006032,0.969727,0.975586,0.148368,3.155630,0.000000
24,795,1,unassigned,0.055938,3.565642,0.026139,0.010000,0.064784,0.067792,0.034614,0.571289,0.974121,0.179686,3.078672,0.000000
24,796,0,unassigned,0.053110,3.394001,0.028599,0.010000,0.062845,0.032783,0.004868,0.951172,0.969727,0.182998,2.958807,0.000000
24,797,3,cond,0.138169,2.628890,0.449746,0.777500,0.151767,0.406717,0.036310,0.970215,0.976074,0.269720,2.046118,0.000000
24,798,2,cond,0.135022,3.717124,0.401203,0.830000,0.148750,0.605808,0.989670,0.100342,0.806641,0.129155,2.456179,0.000000
24,799,1,unassigned,0.059843,4.953967,0.039480,0.015000,0.069957,0.036975,0.064876,0.724121,0.973633,0.245222,2.059312,0.000000
25,800,3,cond,0.123215,2.816096,0.528236,0.905000,0.137112,0.205454,0.085620,0.807617,0.973145,0.134821,1.358903,0.000000
25,801,0,unassigned,0.096696,4.126572,0.054236,0.010000,0.110000,0.029585,0.045068,0.926758,0.991699,0.161060,2.897151,0.000000
25,802,0,unassigned,0.104033,3.260766,0.041198,0.010000,0.117026,0.028029,0.010612,0.946777,0.964844,0.160024,3.593788,0.000000
25,803,2,cond,0.132781,3.264779,0.497383,0.862500,0.146509,0.164920,0.301235,0.756348,0.980957,0.165443,0.931984,0.000000
25,804,2,unassigned,0.111686,4.386620,0.070072,0.025000,0.124957,0.033587,0.086617,0.217896,0.975098,0.216996,1.535057,0.000000
25,805,0,unassigned,0.067898,3.886837,0.040405,0.015000,0.078060,0.036297,0.003639,0.977539,0.980957,0.175837,3.368722,0.000000
25,806,1,unassigned,0.093068,4.607133,0.056694,0.010000,0.105991,0.034034,0.115601,0.855957,0.977051,0.164188,1.871239,0.000000
25,807,1,unassigned,0.062923,2.987953,0.074528,0.022500,0.073362,0.094126,0.087017,0.946777,0.965332,0.228620,1.509979,0.000000
25,808,1,unassigned,0.063271,4.309689,0.050117,0.015000,0.074052,0.039898,0.056299,0.903320,0.981445,0.136454,3.076275,0.000000
25,809,1,unassigned,0.080391,4.172047,0.040597,0.012500,0.090776,0.075863,0.043286,0.863281,0.973145,0.156111,1.499006,0.000000
25,810,1,unassigned,0.096311,4.263238,0.051335,0.010000,0.109310,0.046935,0.021115,0.935547,0.990723,0.189144,2.356537,0.000000
25,811,3,grounding,0.126501,3.240864,0.517221,0.842500,0.140431,0.071446,0.121492,0.737305,0.983398,0.263897,1.367690,0.000000
25,812,1,unassigned,0.089046,4.151603,0.061579,0.012500,0.101681,0.057356,0.008164,0.970215,0.975098,0.170289,2.273174,0.000000
25,813,0,unassigned,0.098866,3.716209,0.044452,0.010000,0.112026,0.026138,0.021859,0.938965,0.970215,0.175398,3.074982,0.000000
25,814,1,unassigned,0.077418,4.687440,0.047148,0.010000,0.088190,0.023285,0.081558,0.926270,0.993164,0.145501,3.492829,0.000000
25,815,1,unassigned,0.057334,4.059590,0.033196,0.010000,0.067112,0.040904,0.010335,0.938477,0.966797,0.139939,2.517817,0.000000
25,816,3,unassigned,0.099701,4.149258,0.254389,0.575000,0.113233,0.037089,0.005610,0.965820,0.978516,0.278273,1.754367,0.000000
25,817,3,cond,0.102144,2.656631,0.526471,0.917500,0.115819,0.161998,0.016867,0.973633,0.978027,0.137393,1.214220,0.000000
25,818,1,unassigned,0.066941,4.459623,0.040767,0.007500,0.075991,0.045888,0.016070,0.922852,0.990234,0.155351,2.135420,0.000000
25,819,0,unassigned,0.096941,3.991131,0.117766,0.072500,0.108879,0.062110,0.005841,0.975586,0.979492,0.148468,3.745288,0.000000
25,820,0,unassigned,0.083491,3.138999,0.039831,0.010000,0.096121,0.027362,0.005643,0.983398,0.985352,0.155367,3.568472,0.000000
25,821,3,cond,0.103610,3.124896,0.482934,0.910000,0.117198,0.147668,0.046646,0.907227,0.982422,0.104712,1.287668,0.000000
25,822,3,reroute,0.088609,2.973736,0.534556,0.932500,0.101810,0.059016,0.009105,0.982910,0.985352,0.368158,3.356182,0.000000
25,823,1,unassigned,0.068533,3.748820,0.038171,0.012500,0.079224,0.081601,0.080845,0.765137,0.982910,0.265703,1.716400,0.000000
25,824,1,unassigned,0.050079,4.354493,0.028761,0.010000,0.058793,0.048910,0.026302,0.964844,0.979980,0.214514,1.464503,0.000000
25,825,1,unassigned,0.077905,4.304323,0.050619,0.010000,0.089914,0.063140,0.011851,0.720215,0.971680,0.217315,1.611664,0.000000
25,826,3,cond,0.102825,3.433079,0.412810,0.905000,0.116422,0.134721,0.028558,0.963867,0.979004,0.116977,1.287582,0.000000
25,827,0,unassigned,0.077023,3.819551,0.046337,0.010000,0.088750,0.022405,0.003495,0.963867,0.979004,0.174757,3.515139,0.000000
25,828,2,grounding,0.127782,4.303755,0.216756,0.472500,0.141552,0.096273,0.038566,0.358887,0.966797,0.138185,0.692522,0.000000
25,829,0,unassigned,0.069171,3.433261,0.032436,0.012500,0.080560,0.038993,0.013364,0.941406,0.964355,0.158991,2.877749,0.000000
25,830,1,unassigned,0.078929,4.200131,0.041789,0.015000,0.090302,0.031216,0.023175,0.891602,0.976074,0.197027,2.801548,0.000000
25,831,0,reroute,0.072047,2.235387,0.029532,0.017500,0.084009,0.028415,0.008162,0.944336,0.964355,0.458348,4.329090,0.000000
26,832,0,unassigned,0.114469,4.200834,0.047791,0.010000,0.128190,0.039518,0.101661,0.875000,0.992188,0.208969,2.165702,0.000000
26,833,1,unassigned,0.084764,4.014368,0.041741,0.010000,0.097371,0.034061,0.040642,0.929199,0.993164,0.145761,2.389326,0.000000
26,834,1,unassigned,0.091061,3.898683,0.043988,0.027500,0.103448,0.073632,0.035486,0.925293,0.992676,0.240585,1.762336,0.000000
26,835,3,grounding,0.115095,2.694355,0.573713,0.890000,0.129052,0.060895,0.064236,0.946777,0.965332,0.182886,1.137844,0.000000
26,836,1,unassigned,0.070869,4.029792,0.046098,0.005000,0.080603,0.157562,0.039311,0.348877,0.971680,0.155902,1.481407,0.000000
26,837,1,unassigned,0.064321,4.323057,0.040924,0.010000,0.074440,0.032122,0.010330,0.959473,0.975098,0.155062,2.865875,0.000000
26,838,1,unassigned,0.076893,5.039962,0.063056,0.020000,0.087629,0.069583,0.029480,0.727539,0.976074,0.179464,1.178745,0.000000
26,839,1,unassigned,0.067545,4.871731,0.050728,0.010000,0.078966,0.046710,0.038903,0.830078,0.989746,0.257682,1.294020,0.000000
26,840,1,unassigned,0.065457,4.171205,0.042804,0.010000,0.075991,0.031173,0.014951,0.890137,0.974121,0.157064,2.826934,0.000000
26,841,1,unassigned,0.052830,4.265224,0.037383,0.032500,0.061595,0.097661,0.017884,0.879883,0.971680,0.228296,1.208626,0.000000
26,842,0,unassigned,0.106203,3.387978,0.064202,0.010000,0.119397,0.023838,0.008259,0.791992,0.971680,0.154438,3.669476,0.000000
26,843,0,unassigned,0.072622,3.958232,0.031988,0.010000,0.083621,0.038455,0.014236,0.899414,0.981445,0.143247,3.003165,0.000000
26,844,0,reroute,0.084641,3.818854,0.059461,0.012500,0.097414,0.042225,0.030268,0.912109,0.983398,0.280510,2.796052,0.000000
26,845,0,unassigned,0.072150,3.668256,0.038407,0.015000,0.082629,0.072415,0.006533,0.960449,0.976074,0.210879,2.756170,0.000000
26,846,3,cond,0.134772,3.366958,0.154981,0.107500,0.147974,0.495853,0.081807,0.608398,0.976074,0.135653,2.191983,0.000000
26,847,3,cond,0.128623,3.513164,0.235303,0.307500,0.142241,0.280401,0.067005,0.865234,0.976074,0.104062,1.786005,0.000000
26,848,1,unassigned,0.064948,4.221035,0.074819,0.037500,0.076293,0.091377,0.012624,0.964844,0.979004,0.154320,1.598800,0.000000
26,849,1,unassigned,0.073636,5.170760,0.076462,0.045000,0.085431,0.046537,0.059117,0.831543,0.987305,0.186741,1.467828,0.000000
26,850,1,unassigned,0.076016,4.630275,0.049109,0.010000,0.087069,0.101681,0.013589,0.695801,0.963867,0.150086,0.827627,0.000000
26,851,2,unassigned,0.091523,5.288431,0.067824,0.037500,0.104095,0.038376,0.786770,0.180420,0.966309,0.275109,1.096846,0.000000
26,852,0,unassigned,0.084747,2.855380,0.024418,0.010000,0.096853,0.035967,0.004360,0.984375,0.986328,0.152808,2.920465,0.000000
26,853,3,unassigned,0.107208,3.102131,0.432813,0.837500,0.120948,0.169715,0.134286,0.779297,0.973633,0.120088,1.581800,0.000000
26,854,0,unassigned,0.064069,2.938154,0.024702,0.010000,0.073836,0.053340,0.003935,0.971191,0.976074,0.135468,3.512728,0.000000
26,855,3,unassigned,0.092416,3.072545,0.464561,0.865000,0.105690,0.086634,0.058141,0.908691,0.982422,0.091938,1.249628,0.000000
26,856,3,grounding,0.119829,2.890160,0.516020,0.945000,0.133707,0.233724,0.108416,0.901367,0.983398,0.174321,1.421850,0.000000
26,857,3,grounding,0.124801,2.498597,0.575009,0.950000,0.138750,0.281134,0.027035,0.937988,0.979492,0.175638,1.231109,0.000000
26,858,3,grounding,0.116241,2.521930,0.565327,0.910000,0.130259,0.163306,0.028688,0.931152,0.995605,0.135293,1.267321,0.000000
26,859,3,grounding,0.110786,2.828460,0.503139,0.875000,0.124483,0.165401,0.144123,0.766602,0.980469,0.095327,1.169294,0.000000
26,860,3,unassigned,0.097614,3.355567,0.346310,0.697500,0.110431,0.170078,0.049743,0.827148,0.992188,0.175045,1.333109,0.000000
26,861,0,unassigned,0.080578,3.969582,0.068978,0.025000,0.092716,0.040240,0.003495,0.979492,0.982910,0.175072,3.236707,0.000000
26,862,3,cond,0.117543,3.926904,0.124812,0.125000,0.131078,0.475049,0.069514,0.689453,0.982422,0.175209,1.385980,0.000000
26,863,0,unassigned,0.081317,3.507356,0.030041,0.010000,0.093190,0.039281,0.018323,0.907715,0.981934,0.159036,2.648612,0.000000
27,864,0,unassigned,0.086808,3.515157,0.041650,0.007500,0.099224,0.028590,0.007000,0.963867,0.976562,0.164913,3.610042,0.000000
27,865,0,grounding,0.102399,3.348876,0.080479,0.017500,0.115862,0.036203,0.012126,0.975098,0.979004,0.137121,2.942060,0.000000
27,866,3,cond,0.107216,3.175421,0.061797,0.020000,0.119784,0.145745,0.029371,0.563477,0.985352,0.146618,1.388147,0.000000
27,867,1,reroute,0.052447,4.187961,0.029893,0.012500,0.061034,0.026168,0.004577,0.974121,0.978516,0.204033,3.121229,0.000000
27,868,1,unassigned,0.077516,4.582427,0.069810,0.007500,0.089698,0.028819,0.006935,0.908203,0.981934,0.161259,2.169050,0.000000
27,869,0,unassigned,0.075231,3.563578,0.091796,0.025000,0.087414,0.031649,0.031360,0.938477,0.978516,0.187111,2.847584,0.000000
27,870,0,unassigned,0.064278,3.579364,0.031331,0.010000,0.073922,0.039614,0.005617,0.956055,0.972656,0.181670,3.267735,0.000000
27,871,2,cond,0.110025,4.272957,0.083613,0.045000,0.122759,0.243075,0.026514,0.462646,0.969727,0.180144,1.187337,0.000000
27,872,1,unassigned,0.067537,4.362820,0.038371,0.010000,0.077414,0.039887,0.014185,0.919922,0.988281,0.182395,1.977277,0.000000
27,873,3,grounding,0.112823,4.135844,0.197278,0.235000,0.126121,0.067591,0.011547,0.949707,0.967285,0.148189,2.974663,0.000000
27,874,1,unassigned,0.079352,4.676142,0.070634,0.042500,0.090948,0.040128,0.009882,0.940918,0.961426,0.161911,1.990128,0.000000
27,875,2,unassigned,0.084553,5.137264,0.057398,0.007500,0.097241,0.033486,0.070544,0.854492,0.978516,0.171042,2.149751,0.000000
27,876,2,cond,0.061125,4.209324,0.056748,0.030000,0.068664,0.169267,0.007080,0.179321,0.962891,0.154553,1.232772,0.000000
27,877,3,unassigned,0.100228,5.074935,0.085284,0.050000,0.112672,0.040289,0.028485,0.914062,0.985352,0.133277,1.740005,0.000000
27,878,0,unassigned,0.081413,3.574661,0.060644,0.012500,0.093879,0.041543,0.012301,0.954102,0.970703,0.166173,2.520395,0.000000
27,879,0,grounding,0.107201,3.238036,0.070866,0.010000,0.119828,0.034155,0.001109,0.985352,0.986816,0.132946,2.550407,0.000000
27,880,3,grounding,0.120400,4.241560,0.124540,0.105000,0.133534,0.059518,0.008279,0.696289,0.968750,0.182139,1.778380,0.000000
27,881,1,unassigned,0.064918,4.129666,0.038190,0.005000,0.075517,0.045506,0.007275,0.820312,0.993652,0.186422,2.755047,0.000000
27,882,0,unassigned,0.080299,3.807481,0.065694,0.012500,0.092586,0.030690,0.022698,0.955566,0.972656,0.170845,2.541637,0.000000
27,883,0,unassigned,0.084002,3.755980,0.067524,0.015000,0.096638,0.033486,0.018038,0.932129,0.992188,0.143608,2.828037,0.000000
27,884,0,reroute,0.079184,3.616562,0.060988,0.022500,0.091724,0.058137,0.016095,0.941406,0.963867,0.311191,2.929973,0.000000
27,885,0,unassigned,0.093515,3.229082,0.030561,0.010000,0.105905,0.029508,0.004773,0.971191,0.976074,0.146776,3.068507,0.000000
27,886,1,unassigned,0.063560,4.781197,0.038307,0.010000,0.072414,0.035452,0.028432,0.726074,0.976562,0.165346,1.793475,0.000000
27,887,1,unassigned,0.073676,4.943257,0.049311,0.012500,0.084526,0.052518,0.014744,0.918945,0.988281,0.139081,1.500150,0.000000
27,888,0,unassigned,0.090625,3.609595,0.039959,0.010000,0.101552,0.043724,0.003830,0.952637,0.970703,0.177383,2.660068,0.000000
27,889,1,unassigned,0.046896,4.078515,0.026740,0.012500,0.054612,0.044052,0.006046,0.952637,0.968750,0.189045,1.828578,0.000000
27,890,1,unassigned,0.064169,4.273258,0.030089,0.007500,0.074483,0.042020,0.023957,0.932129,0.993652,0.145183,2.389174,0.000000
27,891,0,unassigned,0.067086,4.051027,0.038036,0.010000,0.078448,0.019533,0.010927,0.966309,0.979004,0.165963,3.316863,0.000000
27,892,1,unassigned,0.077910,4.539687,0.039853,0.007500,0.089353,0.037144,0.021670,0.887207,0.973145,0.209874,2.101152,0.000000
27,893,1,unassigned,0.069107,4.231620,0.065593,0.072500,0.080086,0.079640,0.010242,0.943848,0.963867,0.224010,1.719259,0.000000
27,894,1,unassigned,0.074434,4.464073,0.042291,0.012500,0.085862,0.027190,0.012939,0.929199,0.996094,0.183883,2.338769,0.000000
27,895,0,unassigned,0.083892,2.983494,0.030483,0.005000,0.096121,0.034381,0.024572,0.952637,0.970215,0.151659,3.569740,0.000000
28,896,3,unassigned,0.119633,5.043729,0.077405,0.012500,0.133276,0.028103,0.011456,0.954590,0.970703,0.190771,1.716078,0.000000
28,897,1,unassigned,0.088018,4.911328,0.060932,0.015000,0.100431,0.046465,0.018419,0.939941,0.967285,0.150841,1.719957,0.000000
28,898,2,unassigned,0.084788,4.380187,0.050360,0.010000,0.096595,0.055873,0.130867,0.040741,0.957031,0.168766,2.068832,0.000000
28,899,1,unassigned,0.092984,4.942596,0.073096,0.015000,0.105819,0.044479,0.024480,0.878418,0.982910,0.154660,1.183988,0.000000
28,900,0,unassigned,0.079518,3.928303,0.033747,0.010000,0.090905,0.036074,0.027423,0.930664,0.988770,0.145195,2.958409,0.000000
28,901,0,reroute,0.084465,2.723093,0.023644,0.012500,0.096293,0.034189,0.003767,0.966797,0.978027,0.140143,4.280050,0.000000
28,902,3,grounding,0.126592,4.365034,0.204305,0.445000,0.140474,0.022025,0.014300,0.948242,0.966309,0.148462,1.089718,0.000000
28,903,2,cond,0.143817,3.261738,0.201222,0.142500,0.157112,0.388307,0.090770,0.668945,0.970703,0.167922,1.870083,0.000000
28,904,0,unassigned,0.076602,3.277601,0.029619,0.010000,0.087974,0.023477,0.010512,0.963867,0.978027,0.149353,3.552252,0.000000
28,905,3,unassigned,0.094913,4.390616,0.247239,0.615000,0.107931,0.016791,0.048853,0.759766,0.986816,0.248684,1.512364,0.000000
28,906,1,unassigned,0.057904,4.166575,0.032071,0.010000,0.066767,0.051634,0.004689,0.979492,0.982910,0.203922,2.645000,0.000000
28,907,1,unassigned,0.072453,4.702943,0.039104,0.010000,0.083534,0.037896,0.021113,0.956543,0.972656,0.168337,1.707226,0.000000
28,908,1,unassigned,0.078539,4.619536,0.063839,0.017500,0.090431,0.043682,0.014994,0.965820,0.981445,0.147390,1.634678,0.000000
28,909,3,unassigned,0.102489,4.163360,0.129282,0.117500,0.115172,0.108616,0.014995,0.872070,0.987793,0.205775,1.167050,0.000000
28,910,3,grounding,0.124978,2.599838,0.535874,0.907500,0.138836,0.128631,0.037981,0.904297,0.982910,0.171192,1.062437,0.000000
28,911,1,unassigned,0.057177,4.079515,0.033374,0.007500,0.067500,0.050372,0.031025,0.954590,0.971680,0.159244,2.651457,0.000000
28,912,1,unassigned,0.086103,4.647673,0.045691,0.007500,0.097069,0.036272,0.009971,0.966797,0.977539,0.150199,2.262547,0.000000
28,913,1,unassigned,0.079835,5.034497,0.045969,0.017500,0.090862,0.044828,0.037158,0.538574,0.972656,0.217302,0.959060,0.000000
28,914,2,reroute,0.088314,3.938255,0.090093,0.040000,0.101164,0.040186,0.097333,0.696777,0.964355,0.366880,2.728249,0.000000
28,915,1,unassigned,0.053603,4.655951,0.033561,0.010000,0.062888,0.034985,0.015692,0.950684,0.968262,0.153399,2.159372,0.000000
28,916,3,grounding,0.101815,3.571949,0.415129,0.760000,0.115129,0.028718,0.004819,0.988770,0.990234,0.179092,2.799723,0.000000
28,917,3,unassigned,0.090593,4.187638,0.181247,0.420000,0.103707,0.047898,0.017354,0.938965,0.971191,0.133295,1.525882,0.000000
28,918,1,unassigned,0.063204,3.832977,0.030135,0.010000,0.073664,0.046906,0.024254,0.930664,0.994141,0.149143,2.505964,0.000000
28,919,1,unassigned,0.069653,4.092563,0.039609,0.027500,0.080560,0.100316,0.017726,0.880859,0.977051,0.165666,1.830732,0.000000
28,920,0,unassigned,0.095217,3.849316,0.042445,0.010000,0.107500,0.053002,0.027553,0.936035,0.985352,0.135244,2.115787,0.000000
28,921,1,cond,0.075413,3.267872,0.110069,0.117500,0.087198,0.201410,0.044030,0.674805,0.972168,0.154553,2.148902,0.000000
28,922,1,unassigned,0.056258,4.451424,0.040101,0.005000,0.065560,0.058738,0.014524,0.975586,0.979492,0.140741,2.204331,0.000000
28,923,0,unassigned,0.084191,4.159268,0.096986,0.032500,0.096810,0.047310,0.009766,0.962891,0.978027,0.133273,2.314118,0.000000
28,924,1,unassigned,0.084090,5.096590,0.068849,0.010000,0.095991,0.063504,0.019234,0.943848,0.963379,0.129874,1.034232,0.000000
28,925,0,unassigned,0.087224,4.497592,0.043126,0.010000,0.099310,0.028174,0.011145,0.979004,0.982910,0.186713,2.541663,0.000000
28,926,1,unassigned,0.075575,4.974463,0.048836,0.005000,0.087414,0.036923,0.040732,0.850586,0.980469,0.178555,2.093091,0.000000
28,927,1,unassigned,0.100424,4.838731,0.064417,0.020000,0.113836,0.045893,0.019151,0.918945,0.988770,0.207012,1.367884,0.000000
29,928,0,unassigned,0.104090,4.016360,0.076123,0.022500,0.116810,0.047400,0.005911,0.980469,0.984375,0.193238,2.363732,0.000000
29,929,1,unassigned,0.045923,5.037069,0.036734,0.017500,0.053362,0.028348,0.013703,0.950684,0.968750,0.152226,2.016790,0.000000
29,930,3,unassigned,0.095684,5.426765,0.154739,0.755000,0.109138,0.024556,0.022132,0.958984,0.975098,0.179943,0.841589,0.000000
29,931,1,unassigned,0.078785,5.099954,0.050551,0.012500,0.090733,0.035249,0.014537,0.966797,0.979492,0.185382,1.624368,0.000000
29,932,1,unassigned,0.075668,4.223664,0.039894,0.020000,0.087457,0.040071,0.015854,0.915039,0.984863,0.222576,1.622101,0.000000
29,933,3,cond,0.125300,3.890860,0.142564,0.125000,0.138491,0.268033,0.053902,0.782715,0.972656,0.153071,1.531545,0.000000
29,934,1,unassigned,0.061330,4.702995,0.068984,0.062500,0.072069,0.033766,0.067569,0.916016,0.985352,0.190282,2.150079,0.000000
29,935,1,unassigned,0.071237,5.467036,0.053266,0.012500,0.082672,0.041322,0.047504,0.934570,0.993164,0.167128,1.430031,0.000000
29,936,1,unassigned,0.077479,4.649182,0.065496,0.030000,0.089612,0.045672,0.025277,0.924805,0.992188,0.201818,1.478098,0.000000
29,937,3,unassigned,0.097671,3.951648,0.216655,0.605000,0.110733,0.129652,0.096907,0.508301,0.974609,0.134098,1.650794,0.000000
29,938,2,cond,0.096149,3.366552,0.070325,0.040000,0.107500,0.394294,0.247051,0.104309,0.957520,0.124136,1.739675,0.000000
29,939,0,unassigned,0.083306,4.830099,0.047015,0.012500,0.095000,0.064653,0.011273,0.957031,0.973633,0.223992,1.932708,0.000000
29,940,0,reroute,0.088982,2.211396,0.025312,0.022500,0.101897,0.017619,0.004404,0.920410,0.978516,0.465102,4.905188,0.000000
29,941,3,grounding,0.100694,3.173531,0.443164,0.850000,0.113750,0.101801,0.076628,0.860352,0.976074,0.168585,1.087854,0.000000
29,942,0,unassigned,0.098618,4.349647,0.094786,0.020000,0.111078,0.075304,0.006814,0.955566,0.971680,0.207253,2.325636,0.000000
29,943,2,reroute,0.120458,2.856153,0.051996,0.017500,0.133793,0.039181,0.144905,0.442871,0.972168,0.410537,3.128695,0.000000
29,944,0,unassigned,0.101180,4.556108,0.146152,0.120000,0.114698,0.047533,0.010074,0.981445,0.984863,0.151114,1.564968,0.000000
29,945,1,unassigned,0.030887,5.246269,0.037832,0.027500,0.036509,0.062520,0.073370,0.886230,0.972168,0.128214,0.871356,0.000000
29,946,1,unassigned,0.091188,5.335759,0.126846,0.482500,0.104397,0.018908,0.039754,0.736816,0.985352,0.224170,0.931686,0.000000
29,947,3,grounding,0.130930,2.708412,0.549043,0.910000,0.144828,0.161430,0.080638,0.865723,0.973145,0.129875,0.901887,0.000000
29,948,1,unassigned,0.052142,4.429506,0.029914,0.022500,0.061509,0.056671,0.018849,0.941406,0.963867,0.238099,1.863463,0.000000
29,949,3,grounding,0.101950,2.796870,0.488765,0.835000,0.115560,0.088343,0.025351,0.975586,0.979980,0.190089,1.648805,0.000000
29,950,1,unassigned,0.049038,5.150827,0.031177,0.007500,0.057759,0.033407,0.090539,0.762207,0.984863,0.202555,1.718096,0.000000
29,951,1,unassigned,0.064846,4.336018,0.044358,0.025000,0.074267,0.087507,0.041044,0.553711,0.971680,0.132808,0.976488,0.000000
29,952,1,unassigned,0.076816,4.600431,0.041121,0.017500,0.087629,0.045623,0.054434,0.726562,0.975586,0.195560,1.334300,0.000000
29,953,1,unassigned,0.065089,5.383244,0.040898,0.010000,0.075129,0.049059,0.053519,0.772949,0.978027,0.216054,1.337504,0.000000
29,954,3,grounding,0.125673,2.803852,0.473795,0.795000,0.139612,0.098508,0.086074,0.923828,0.992188,0.174088,0.743097,0.000000
29,955,1,unassigned,0.073910,4.725644,0.072294,0.027500,0.085776,0.039402,0.024350,0.962402,0.977539,0.140723,1.739924,0.000000
29,956,1,unassigned,0.071902,5.133574,0.054952,0.010000,0.083147,0.028057,0.023937,0.814453,0.990723,0.210722,1.341184,0.000000
29,957,0,unassigned,0.075419,4.583836,0.052486,0.015000,0.086422,0.045461,0.013751,0.968262,0.976562,0.151561,2.782108,0.000000
29,958,1,unassigned,0.089514,4.793886,0.146689,0.270000,0.102414,0.041979,0.107929,0.823730,0.990723,0.227148,1.473373,0.000000
29,959,1,unassigned,0.072204,4.825911,0.082046,0.055000,0.084095,0.042770,0.044359,0.939941,0.960449,0.238433,1.362994,0.000000
30,960,0,grounding,0.103867,4.242052,0.039597,0.012500,0.115948,0.035800,0.006584,0.976074,0.979980,0.213972,2.614525,0.000000
30,961,1,unassigned,0.064031,4.454862,0.033307,0.025000,0.074440,0.034426,0.047637,0.847656,0.985840,0.245724,1.655615,0.000000
30,962,1,cond,0.051622,4.917406,0.048102,0.035000,0.058534,0.124388,0.009534,0.849121,0.984375,0.149052,0.772875,0.000000
30,963,1,unassigned,0.069203,5.309121,0.039604,0.015000,0.079526,0.041563,0.010765,0.957520,0.973633,0.166056,0.973983,0.000000
30,964,1,unassigned,0.025400,5.343508,0.025217,0.005000,0.030560,0.027836,0.008210,0.886719,0.973145,0.183017,1.160684,0.000000
30,965,1,unassigned,0.064082,4.524918,0.077610,0.075000,0.075129,0.054559,0.011505,0.968750,0.976562,0.165981,1.494387,0.000000
30,966,1,unassigned,0.055764,4.452685,0.044782,0.015000,0.064655,0.046495,0.016030,0.958008,0.973633,0.168694,1.656608,0.000000
30,967,1,unassigned,0.050842,4.907026,0.045642,0.030000,0.059353,0.073535,0.016985,0.854980,0.979004,0.206232,1.001131,0.000000
30,968,0,unassigned,0.068309,4.319199,0.039278,0.007500,0.078793,0.038629,0.017835,0.989258,0.990234,0.180209,2.576988,0.000000
30,969,2,reroute,0.088291,4.649558,0.064989,0.020000,0.100388,0.092422,0.079208,0.727539,0.971680,0.324000,2.085374,0.000000
30,970,1,unassigned,0.074825,4.442500,0.044835,0.027500,0.085431,0.064404,0.015713,0.937500,0.978027,0.228961,1.226430,0.000000
30,971,1,unassigned,0.056574,5.384719,0.051115,0.025000,0.066466,0.055708,0.060976,0.928223,0.995117,0.153669,1.388243,0.000000
30,972,2,cond,0.105421,3.578097,0.099042,0.070000,0.118621,0.191017,0.079264,0.478027,0.971680,0.147509,1.953929,0.000000
30,973,0,reroute,0.058946,3.226659,0.020353,0.002500,0.068319,0.019808,0.005872,0.986328,0.987793,0.174374,4.562078,0.000000
30,974,3,grounding,0.079803,3.054635,0.459228,0.862500,0.092414,0.067708,0.038935,0.949219,0.967285,0.124064,0.714485,0.000000
30,975,1,unassigned,0.062175,5.113817,0.041730,0.017500,0.072931,0.051611,0.034714,0.910156,0.981934,0.244877,1.576733,0.000000
30,976,1,unassigned,0.037628,4.943268,0.027580,0.010000,0.043578,0.064272,0.020582,0.964355,0.979492,0.147001,1.944035,0.000000
30,977,0,unassigned,0.049536,3.948396,0.028367,0.017500,0.057198,0.042479,0.002076,0.987305,0.988281,0.177106,2.962024,0.000000
30,978,3,grounding,0.091038,3.501646,0.447695,0.860000,0.103966,0.069173,0.046943,0.897461,0.980469,0.127649,1.098158,0.000000
30,979,1,unassigned,0.073135,4.936441,0.044862,0.010000,0.083664,0.040985,0.012091,0.949707,0.967773,0.190288,1.371048,0.000000
30,980,0,unassigned,0.051216,4.619735,0.030939,0.007500,0.060000,0.034613,0.004331,0.986328,0.987793,0.201206,2.678405,0.000000
30,981,0,reroute,0.046807,3.888348,0.024836,0.017500,0.055302,0.038000,0.009659,0.970215,0.976074,0.295946,3.083527,0.000000
30,982,0,unassigned,0.071136,4.853375,0.042083,0.017500,0.082112,0.038798,0.013897,0.948730,0.966797,0.180051,1.937383,0.000000
30,983,1,unassigned,0.067575,4.730395,0.042351,0.007500,0.078966,0.045964,0.010905,0.977051,0.980957,0.158410,1.635669,0.000000
30,984,0,reroute,0.089386,4.123998,0.049882,0.007500,0.102241,0.025640,0.052122,0.916016,0.985840,0.252880,2.727556,0.000000
30,985,0,unassigned,0.075244,4.298873,0.036155,0.012500,0.086724,0.045734,0.037672,0.852051,0.979004,0.235508,2.035641,0.000000
30,986,3,unassigned,0.083599,5.271928,0.093015,0.182500,0.095388,0.041901,0.004667,0.881836,0.968750,0.191121,1.392008,0.000000
30,987,1,unassigned,0.058281,5.493263,0.056229,0.047500,0.068621,0.057658,0.045167,0.833496,0.988281,0.194370,0.934466,0.000000
30,988,0,grounding,0.103449,4.077316,0.053540,0.010000,0.116509,0.032002,0.027427,0.968262,0.980469,0.173067,2.615560,0.000000
30,989,1,unassigned,0.085431,5.035179,0.053159,0.010000,0.097716,0.047456,0.007618,0.982422,0.984863,0.148447,1.355262,0.000000
30,990,1,unassigned,0.065883,4.952897,0.042444,0.010000,0.075733,0.038942,0.009630,0.972656,0.977051,0.135758,1.565532,0.000000
30,991,2,unassigned,0.088696,5.145092,0.075319,0.085000,0.100000,0.075845,0.042754,0.253906,0.972168,0.138271,0.529251,0.000000
31,992,1,unassigned,0.048431,4.705208,0.038975,0.027500,0.056078,0.049755,0.017813,0.400635,0.966797,0.115323,0.829159,0.000000
31,993,1,unassigned,0.053684,5.378884,0.034991,0.010000,0.061552,0.044029,0.161925,0.810059,0.980469,0.247271,1.535265,0.000000
31,994,0,reroute,0.072810,4.014145,0.045186,0.007500,0.084784,0.014846,0.020443,0.884766,0.979492,0.172791,3.307538,0.000000
31,995,0,unassigned,0.066973,3.939899,0.039746,0.020000,0.077069,0.039180,0.020631,0.826172,0.991211,0.189216,1.199672,0.000000
31,996,3,grounding,0.111730,5.285663,0.144593,0.465000,0.125259,0.063812,0.140752,0.059204,0.966797,0.168493,0.568495,0.000000
31,997,1,unassigned,0.042806,4.505385,0.025895,0.007500,0.050647,0.068403,0.137485,0.687012,0.985352,0.168129,1.722983,0.000000
31,998,1,unassigned,0.041431,4.754387,0.025365,0.025000,0.049052,0.043466,0.348511,0.527344,0.972168,0.214437,0.817320,0.000000
31,999,3,grounding,0.102673,4.630033,0.121353,0.060000,0.116336,0.036656,0.042357,0.888672,0.974121,0.186455,1.356353,0.000000
31,1000,0,unassigned,0.085962,4.123164,0.042665,0.010000,0.098491,0.047439,0.029773,0.902344,0.977539,0.165863,2.217698,0.000000
31,1001,1,unassigned,0.072210,4.981493,0.041126,0.017500,0.083578,0.033854,0.627120,0.605957,0.974609,0.226226,1.301675,0.000000
31,1002,1,unassigned,0.085658,5.260511,0.042169,0.007500,0.098103,0.023289,0.136860,0.789551,0.970703,0.156081,1.200784,0.000000
31,1003,1,unassigned,0.037632,5.717703,0.036021,0.055000,0.044526,0.033968,0.405120,0.171509,0.963867,0.142415,0.447668,0.000000
31,1004,1,unassigned,0.057538,4.985152,0.033918,0.017500,0.067069,0.027990,0.107824,0.806641,0.970215,0.258040,1.741125,0.000000
31,1005,1,unassigned,0.056244,4.612996,0.044447,0.040000,0.065172,0.070762,0.008661,0.765625,0.982910,0.174073,0.792845,0.000000
31,1006,0,unassigned,0.066933,4.623617,0.052586,0.022500,0.077802,0.018197,0.055064,0.853516,0.979980,0.243349,1.657328,0.000000
31,1007,1,reroute,0.043340,4.587240,0.036128,0.025000,0.050388,0.035930,0.874361,0.168335,0.955078,0.324527,2.206267,0.000000
31,1008,3,grounding,0.110349,2.860689,0.476139,0.882500,0.124267,0.090618,0.108231,0.884277,0.971680,0.155109,0.838441,0.000000
31,1009,1,unassigned,0.049493,5.203433,0.035001,0.025000,0.057716,0.053625,0.271307,0.591309,0.972656,0.221382,0.815530,0.000000
31,1010,0,unassigned,0.041277,4.192481,0.024569,0.017500,0.048750,0.020440,0.073259,0.905273,0.983398,0.204611,1.900342,0.000000
31,1011,1,unassigned,0.045401,4.788914,0.028894,0.020000,0.053448,0.052332,0.158156,0.687500,0.985352,0.259180,1.913001,0.000000
31,1012,0,unassigned,0.074759,4.870071,0.050579,0.015000,0.086207,0.030622,0.067713,0.915039,0.984863,0.202944,1.550780,0.000000
31,1013,0,reroute,0.102752,4.167999,0.045520,0.012500,0.116293,0.017090,0.050336,0.776855,0.975098,0.244554,2.354152,0.000000
31,1014,2,cond,0.065147,2.749885,0.188744,0.225000,0.076336,0.670573,1.039478,0.070129,0.923340,0.107362,0.977266,0.000000
31,1015,0,reroute,0.068943,4.590303,0.053258,0.010000,0.080560,0.040205,0.097659,0.824219,0.991699,0.224893,2.525426,0.000000
31,1016,2,grounding,0.093078,4.832150,0.197653,0.845000,0.106207,0.024568,2.390058,0.063049,0.904297,0.153839,0.453084,0.000000
31,1017,3,grounding,0.101040,3.801549,0.336084,0.892500,0.114353,0.043797,0.109256,0.707031,0.972168,0.109375,0.825949,0.000000
31,1018,3,unassigned,0.094669,4.598438,0.066031,0.022500,0.107112,0.044300,0.057910,0.775391,0.975586,0.207802,1.000113,0.000000
31,1019,1,cond,0.043531,4.676877,0.049747,0.067500,0.050172,0.310322,0.063185,0.072876,0.961914,0.125412,0.742382,0.000000
31,1020,1,unassigned,0.036661,5.150187,0.030524,0.027500,0.043621,0.047017,0.146623,0.743164,0.989746,0.270671,1.698924,0.000000
31,1021,0,unassigned,0.058948,4.074743,0.034495,0.010000,0.069310,0.017209,0.036399,0.780762,0.971191,0.157289,3.140472,0.000000
31,1022,3,unassigned,0.095226,4.724998,0.117414,0.140000,0.108362,0.041970,0.095207,0.903809,0.984375,0.222568,1.119211,0.000000
31,1023,1,unassigned,0.064390,4.891274,0.054063,0.030000,0.074009,0.098703,0.007223,0.798340,0.966797,0.147287,0.970200,0.000000
