[2026-09-22 10:08:47] waiting for data/.prepped
[2026-09-22 10:08:47] data ready; starting branch for Qwen/Qwen2.5-VL-7B-Instruct on cuda:0
[2026-09-22 10:08:47] STAGE probes (synth_grounding,ocr_synth,sink,grounding,cond,occlusion,pope, max_samples=400)
Warning: You are sending unauthenticated requests to the HF Hub. Please set a HF_TOKEN to enable higher rate limits and faster downloads.
Fetching 5 files:   0%|          | 0/5 [00:00<?, ?it/s]Fetching 5 files:  20%|██        | 1/5 [00:07<00:30,  7.54s/it]Fetching 5 files:  40%|████      | 2/5 [00:21<00:34, 11.36s/it]Fetching 5 files:  60%|██████    | 3/5 [00:22<00:12,  6.47s/it]Fetching 5 files:  80%|████████  | 4/5 [00:22<00:03,  3.96s/it]Fetching 5 files: 100%|██████████| 5/5 [00:23<00:00,  2.89s/it]Fetching 5 files: 100%|██████████| 5/5 [00:23<00:00,  4.66s/it]
Loading weights:   0%|          | 0/729 [00:00<?, ?it/s]Loading weights:  35%|███▍      | 253/729 [00:00<00:00, 2512.11it/s]Loading weights:  75%|███████▍  | 546/729 [00:00<00:00, 2756.36it/s]Loading weights: 100%|██████████| 729/729 [00:00<00:00, 2855.17it/s]
model=Qwen/Qwen2.5-VL-7B-Instruct layers=28 heads=28 family=qwen2.5vl
  synth_grounding sq_0 0.8s
  synth_grounding sq_1 0.1s
  synth_grounding sq_2 0.1s
  synth_grounding sq_3 0.1s
  synth_grounding sq_4 0.1s
  synth_grounding sq_5 0.2s
  synth_grounding sq_6 0.2s
  synth_grounding sq_7 0.1s
  synth_grounding sq_8 0.2s
  synth_grounding sq_9 0.2s
  synth_grounding sq_10 0.2s
  synth_grounding sq_11 0.2s
  synth_grounding sq_12 0.2s
  synth_grounding sq_13 0.5s
  synth_grounding sq_14 0.6s
  synth_grounding sq_15 0.5s
  synth_grounding sq_16 0.3s
  synth_grounding sq_17 0.2s
  synth_grounding sq_18 0.2s
  synth_grounding sq_19 0.2s
  synth_grounding sq_20 0.2s
  synth_grounding sq_21 0.2s
  synth_grounding sq_22 0.2s
  synth_grounding sq_23 0.2s
  synth_grounding sq_24 0.2s
  synth_grounding sq_25 0.2s
  synth_grounding sq_26 0.2s
  synth_grounding sq_27 0.2s
  synth_grounding sq_28 0.2s
  synth_grounding sq_29 0.2s
  synth_grounding sq_30 0.2s
  synth_grounding sq_31 0.1s
  synth_grounding sq_32 0.2s
  synth_grounding sq_33 0.2s
  synth_grounding sq_34 0.2s
  synth_grounding sq_35 0.1s
  synth_grounding sq_36 0.2s
  synth_grounding sq_37 0.1s
  synth_grounding sq_38 0.2s
  synth_grounding sq_39 0.2s
  synth_grounding sq_40 0.2s
  synth_grounding sq_41 0.2s
  synth_grounding sq_42 0.2s
  synth_grounding sq_43 0.2s
  synth_grounding sq_44 0.2s
  synth_grounding sq_45 0.2s
  synth_grounding sq_46 0.2s
  synth_grounding sq_47 0.2s
  synth_grounding sq_48 0.2s
  synth_grounding sq_49 0.2s
  synth_grounding sq_50 0.2s
  synth_grounding sq_51 0.2s
  synth_grounding sq_52 0.2s
  synth_grounding sq_53 0.2s
  synth_grounding sq_54 0.1s
  synth_grounding sq_55 0.2s
  synth_grounding sq_56 0.2s
  synth_grounding sq_57 0.2s
  synth_grounding sq_58 0.2s
  synth_grounding sq_59 0.2s
  synth_grounding sq_60 0.2s
  synth_grounding sq_61 0.2s
  synth_grounding sq_62 0.2s
  synth_grounding sq_63 0.2s
  synth_grounding sq_64 0.2s
  synth_grounding sq_65 0.2s
  synth_grounding sq_66 0.2s
  synth_grounding sq_67 0.2s
  synth_grounding sq_68 0.2s
  synth_grounding sq_69 0.2s
  synth_grounding sq_70 0.2s
  synth_grounding sq_71 0.2s
  synth_grounding sq_72 0.2s
  synth_grounding sq_73 0.2s
  synth_grounding sq_74 0.2s
  synth_grounding sq_75 0.2s
  synth_grounding sq_76 0.2s
  synth_grounding sq_77 0.2s
  synth_grounding sq_78 0.2s
  synth_grounding sq_79 0.2s
  synth_grounding sq_80 0.2s
  synth_grounding sq_81 0.2s
  synth_grounding sq_82 0.2s
  synth_grounding sq_83 0.2s
  synth_grounding sq_84 0.2s
  synth_grounding sq_85 0.2s
  synth_grounding sq_86 0.2s
  synth_grounding sq_87 0.2s
  synth_grounding sq_88 0.2s
  synth_grounding sq_89 0.2s
  synth_grounding sq_90 0.2s
  synth_grounding sq_91 0.2s
  synth_grounding sq_92 0.2s
  synth_grounding sq_93 0.2s
  synth_grounding sq_94 0.2s
  synth_grounding sq_95 0.2s
  synth_grounding sq_96 0.2s
  synth_grounding sq_97 0.2s
  synth_grounding sq_98 0.2s
  synth_grounding sq_99 0.2s
  synth_grounding sq_100 0.2s
  synth_grounding sq_101 0.2s
  synth_grounding sq_102 0.2s
  synth_grounding sq_103 0.2s
  synth_grounding sq_104 0.2s
  synth_grounding sq_105 0.2s
  synth_grounding sq_106 0.2s
  synth_grounding sq_107 0.2s
  synth_grounding sq_108 0.2s
  synth_grounding sq_109 0.2s
  synth_grounding sq_110 0.2s
  synth_grounding sq_111 0.2s
  synth_grounding sq_112 0.2s
  synth_grounding sq_113 0.2s
  synth_grounding sq_114 0.2s
  synth_grounding sq_115 0.2s
  synth_grounding sq_116 0.2s
  synth_grounding sq_117 0.2s
  synth_grounding sq_118 0.2s
  synth_grounding sq_119 0.2s
  synth_grounding sq_120 0.2s
  synth_grounding sq_121 0.2s
  synth_grounding sq_122 0.2s
  synth_grounding sq_123 0.2s
  synth_grounding sq_124 0.2s
  synth_grounding sq_125 0.2s
  synth_grounding sq_126 0.2s
  synth_grounding sq_127 0.2s
  synth_grounding sq_128 0.2s
  synth_grounding sq_129 0.2s
  synth_grounding sq_130 0.2s
  synth_grounding sq_131 0.2s
  synth_grounding sq_132 0.2s
  synth_grounding sq_133 0.2s
  synth_grounding sq_134 0.2s
  synth_grounding sq_135 0.2s
  synth_grounding sq_136 0.2s
  synth_grounding sq_137 0.2s
  synth_grounding sq_138 0.2s
  synth_grounding sq_139 0.2s
  synth_grounding sq_140 0.2s
  synth_grounding sq_141 0.2s
  synth_grounding sq_142 0.2s
  synth_grounding sq_143 0.2s
  synth_grounding sq_144 0.2s
  synth_grounding sq_145 0.2s
  synth_grounding sq_146 0.2s
  synth_grounding sq_147 0.2s
  synth_grounding sq_148 0.2s
  synth_grounding sq_149 0.2s
  synth_grounding sq_150 0.2s
  synth_grounding sq_151 0.2s
  synth_grounding sq_152 0.2s
  synth_grounding sq_153 0.2s
  synth_grounding sq_154 0.2s
  synth_grounding sq_155 0.2s
  synth_grounding sq_156 0.2s
  synth_grounding sq_157 0.2s
  synth_grounding sq_158 0.2s
  synth_grounding sq_159 0.2s
  synth_grounding sq_160 0.2s
  synth_grounding sq_161 0.2s
  synth_grounding sq_162 0.2s
  synth_grounding sq_163 0.2s
  synth_grounding sq_164 0.2s
  synth_grounding sq_165 0.2s
  synth_grounding sq_166 0.2s
  synth_grounding sq_167 0.2s
  synth_grounding sq_168 0.2s
  synth_grounding sq_169 0.2s
  synth_grounding sq_170 0.2s
  synth_grounding sq_171 0.2s
  synth_grounding sq_172 0.2s
  synth_grounding sq_173 0.2s
  synth_grounding sq_174 0.2s
  synth_grounding sq_175 0.2s
  synth_grounding sq_176 0.2s
  synth_grounding sq_177 0.2s
  synth_grounding sq_178 0.2s
  synth_grounding sq_179 0.2s
  synth_grounding sq_180 0.2s
  synth_grounding sq_181 0.2s
  synth_grounding sq_182 0.2s
  synth_grounding sq_183 0.2s
  synth_grounding sq_184 0.2s
  synth_grounding sq_185 0.2s
  synth_grounding sq_186 0.2s
  synth_grounding sq_187 0.2s
  synth_grounding sq_188 0.2s
  synth_grounding sq_189 0.2s
  synth_grounding sq_190 0.2s
  synth_grounding sq_191 0.2s
  synth_grounding sq_192 0.2s
  synth_grounding sq_193 0.2s
  synth_grounding sq_194 0.2s
  synth_grounding sq_195 0.2s
  synth_grounding sq_196 0.2s
  synth_grounding sq_197 0.2s
  synth_grounding sq_198 0.2s
  synth_grounding sq_199 0.2s
  synth_grounding sq_200 0.2s
  synth_grounding sq_201 0.2s
  synth_grounding sq_202 0.2s
  synth_grounding sq_203 0.2s
  synth_grounding sq_204 0.2s
  synth_grounding sq_205 0.2s
  synth_grounding sq_206 0.2s
  synth_grounding sq_207 0.2s
  synth_grounding sq_208 0.2s
  synth_grounding sq_209 0.2s
  synth_grounding sq_210 0.2s
  synth_grounding sq_211 0.2s
  synth_grounding sq_212 0.2s
  synth_grounding sq_213 0.2s
  synth_grounding sq_214 0.2s
  synth_grounding sq_215 0.2s
  synth_grounding sq_216 0.2s
  synth_grounding sq_217 0.2s
  synth_grounding sq_218 0.2s
  synth_grounding sq_219 0.2s
  synth_grounding sq_220 0.2s
  synth_grounding sq_221 0.2s
  synth_grounding sq_222 0.2s
  synth_grounding sq_223 0.2s
  synth_grounding sq_224 0.2s
  synth_grounding sq_225 0.2s
  synth_grounding sq_226 0.2s
  synth_grounding sq_227 0.2s
  synth_grounding sq_228 0.2s
  synth_grounding sq_229 0.2s
  synth_grounding sq_230 0.2s
  synth_grounding sq_231 0.2s
  synth_grounding sq_232 0.2s
  synth_grounding sq_233 0.2s
  synth_grounding sq_234 0.2s
  synth_grounding sq_235 0.2s
  synth_grounding sq_236 0.2s
  synth_grounding sq_237 0.2s
  synth_grounding sq_238 0.2s
  synth_grounding sq_239 0.2s
  synth_grounding sq_240 0.2s
  synth_grounding sq_241 0.2s
  synth_grounding sq_242 0.2s
  synth_grounding sq_243 0.2s
  synth_grounding sq_244 0.2s
  synth_grounding sq_245 0.2s
  synth_grounding sq_246 0.2s
  synth_grounding sq_247 0.2s
  synth_grounding sq_248 0.2s
  synth_grounding sq_249 0.2s
  synth_grounding sq_250 0.2s
  synth_grounding sq_251 0.2s
  synth_grounding sq_252 0.2s
  synth_grounding sq_253 0.2s
  synth_grounding sq_254 0.2s
  synth_grounding sq_255 0.2s
  synth_grounding sq_256 0.2s
  synth_grounding sq_257 0.2s
  synth_grounding sq_258 0.2s
  synth_grounding sq_259 0.2s
  synth_grounding sq_260 0.2s
  synth_grounding sq_261 0.2s
  synth_grounding sq_262 0.2s
  synth_grounding sq_263 0.2s
  synth_grounding sq_264 0.2s
  synth_grounding sq_265 0.2s
  synth_grounding sq_266 0.2s
  synth_grounding sq_267 0.2s
  synth_grounding sq_268 0.2s
  synth_grounding sq_269 0.2s
  synth_grounding sq_270 0.2s
  synth_grounding sq_271 0.2s
  synth_grounding sq_272 0.2s
  synth_grounding sq_273 0.2s
  synth_grounding sq_274 0.2s
  synth_grounding sq_275 0.2s
  synth_grounding sq_276 0.2s
  synth_grounding sq_277 0.2s
  synth_grounding sq_278 0.2s
  synth_grounding sq_279 0.2s
  synth_grounding sq_280 0.2s
  synth_grounding sq_281 0.2s
  synth_grounding sq_282 0.2s
  synth_grounding sq_283 0.2s
  synth_grounding sq_284 0.2s
  synth_grounding sq_285 0.2s
  synth_grounding sq_286 0.2s
  synth_grounding sq_287 0.2s
  synth_grounding sq_288 0.2s
  synth_grounding sq_289 0.2s
  synth_grounding sq_290 0.2s
  synth_grounding sq_291 0.2s
  synth_grounding sq_292 0.2s
  synth_grounding sq_293 0.2s
  synth_grounding sq_294 0.2s
  synth_grounding sq_295 0.2s
  synth_grounding sq_296 0.2s
  synth_grounding sq_297 0.2s
  synth_grounding sq_298 0.2s
  synth_grounding sq_299 0.2s
  synth_grounding sq_300 0.2s
  synth_grounding sq_301 0.2s
  synth_grounding sq_302 0.2s
  synth_grounding sq_303 0.2s
  synth_grounding sq_304 0.2s
  synth_grounding sq_305 0.2s
  synth_grounding sq_306 0.2s
  synth_grounding sq_307 0.2s
  synth_grounding sq_308 0.2s
  synth_grounding sq_309 0.2s
  synth_grounding sq_310 0.2s
  synth_grounding sq_311 0.2s
  synth_grounding sq_312 0.2s
  synth_grounding sq_313 0.2s
  synth_grounding sq_314 0.2s
  synth_grounding sq_315 0.2s
  synth_grounding sq_316 0.2s
  synth_grounding sq_317 0.2s
  synth_grounding sq_318 0.2s
  synth_grounding sq_319 0.2s
  synth_grounding sq_320 0.2s
  synth_grounding sq_321 0.2s
  synth_grounding sq_322 0.2s
  synth_grounding sq_323 0.2s
  synth_grounding sq_324 0.2s
  synth_grounding sq_325 0.2s
  synth_grounding sq_326 0.2s
  synth_grounding sq_327 0.2s
  synth_grounding sq_328 0.2s
  synth_grounding sq_329 0.2s
  synth_grounding sq_330 0.2s
  synth_grounding sq_331 0.2s
  synth_grounding sq_332 0.2s
  synth_grounding sq_333 0.2s
  synth_grounding sq_334 0.2s
  synth_grounding sq_335 0.2s
  synth_grounding sq_336 0.2s
  synth_grounding sq_337 0.2s
  synth_grounding sq_338 0.2s
  synth_grounding sq_339 0.2s
  synth_grounding sq_340 0.2s
  synth_grounding sq_341 0.2s
  synth_grounding sq_342 0.2s
  synth_grounding sq_343 0.2s
  synth_grounding sq_344 0.2s
  synth_grounding sq_345 0.2s
  synth_grounding sq_346 0.2s
  synth_grounding sq_347 0.2s
  synth_grounding sq_348 0.2s
  synth_grounding sq_349 0.2s
  synth_grounding sq_350 0.2s
  synth_grounding sq_351 0.2s
  synth_grounding sq_352 0.2s
  synth_grounding sq_353 0.2s
  synth_grounding sq_354 0.2s
  synth_grounding sq_355 0.2s
  synth_grounding sq_356 0.2s
  synth_grounding sq_357 0.2s
  synth_grounding sq_358 0.2s
  synth_grounding sq_359 0.2s
  synth_grounding sq_360 0.2s
  synth_grounding sq_361 0.2s
  synth_grounding sq_362 0.2s
  synth_grounding sq_363 0.2s
  synth_grounding sq_364 0.2s
  synth_grounding sq_365 0.2s
  synth_grounding sq_366 0.2s
  synth_grounding sq_367 0.2s
  synth_grounding sq_368 0.2s
  synth_grounding sq_369 0.2s
  synth_grounding sq_370 0.2s
  synth_grounding sq_371 0.2s
  synth_grounding sq_372 0.2s
  synth_grounding sq_373 0.2s
  synth_grounding sq_374 0.2s
  synth_grounding sq_375 0.2s
  synth_grounding sq_376 0.2s
  synth_grounding sq_377 0.2s
  synth_grounding sq_378 0.2s
  synth_grounding sq_379 0.2s
  synth_grounding sq_380 0.2s
  synth_grounding sq_381 0.2s
  synth_grounding sq_382 0.2s
  synth_grounding sq_383 0.2s
  synth_grounding sq_384 0.2s
  synth_grounding sq_385 0.2s
  synth_grounding sq_386 0.2s
  synth_grounding sq_387 0.2s
  synth_grounding sq_388 0.2s
  synth_grounding sq_389 0.2s
  synth_grounding sq_390 0.2s
  synth_grounding sq_391 0.2s
  synth_grounding sq_392 0.2s
  synth_grounding sq_393 0.2s
  synth_grounding sq_394 0.2s
  synth_grounding sq_395 0.2s
  synth_grounding sq_396 0.2s
  synth_grounding sq_397 0.2s
  synth_grounding sq_398 0.2s
  synth_grounding sq_399 0.2s
Traceback (most recent call last):
  File "/data/lab/CVPR2027_LLM/scripts/run_probes.py", line 263, in <module>
    main()
  File "/data/lab/CVPR2027_LLM/scripts/run_probes.py", line 218, in main
    run_box_probe(wrapper, samples, "synth_grounding", out)
  File "/data/lab/CVPR2027_LLM/scripts/run_probes.py", line 64, in run_box_probe
    rows_pad = np.stack([np.pad(r, ((0, 0), (0, cmax - r.shape[-1])),
  File "/data/lab/CVPR2027_LLM/scripts/run_probes.py", line 64, in <listcomp>
    rows_pad = np.stack([np.pad(r, ((0, 0), (0, cmax - r.shape[-1])),
  File "/usr/local/lib/python3.10/dist-packages/numpy/lib/_arraypad_impl.py", line 757, in pad
    pad_width = _as_pairs(pad_width, array.ndim, as_index=True)
  File "/usr/local/lib/python3.10/dist-packages/numpy/lib/_arraypad_impl.py", line 534, in _as_pairs
    return np.broadcast_to(x, (ndim, 2)).tolist()
  File "/usr/local/lib/python3.10/dist-packages/numpy/lib/_stride_tricks_impl.py", line 410, in broadcast_to
    return _broadcast_to(array, shape, subok=subok, readonly=True)
  File "/usr/local/lib/python3.10/dist-packages/numpy/lib/_stride_tricks_impl.py", line 349, in _broadcast_to
    it = np.nditer(
ValueError: operands could not be broadcast together with remapped shapes [original->remapped]: (2,2)  and requested shape (3,2)
[2026-09-22 10:12:25] waiting for data/.prepped
[2026-09-22 10:12:25] data ready; starting branch for Qwen/Qwen2.5-VL-7B-Instruct on cuda:0
[2026-09-22 10:12:25] STAGE probes (synth_grounding,ocr_synth,sink,grounding,cond,occlusion,pope, max_samples=400)
Warning: You are sending unauthenticated requests to the HF Hub. Please set a HF_TOKEN to enable higher rate limits and faster downloads.
Fetching 5 files:   0%|          | 0/5 [00:00<?, ?it/s]Fetching 5 files: 100%|██████████| 5/5 [00:00<00:00, 997.79it/s]
Loading weights:   0%|          | 0/729 [00:00<?, ?it/s]Loading weights:  53%|█████▎    | 383/729 [00:00<00:00, 3825.78it/s]Loading weights: 100%|██████████| 729/729 [00:00<00:00, 3700.89it/s]
model=Qwen/Qwen2.5-VL-7B-Instruct layers=28 heads=28 family=qwen2.5vl
  synth_grounding sq_0 0.9s
  synth_grounding sq_1 0.2s
  synth_grounding sq_2 0.2s
  synth_grounding sq_3 0.1s
  synth_grounding sq_4 0.1s
  synth_grounding sq_5 0.2s
  synth_grounding sq_6 0.2s
  synth_grounding sq_7 0.1s
  synth_grounding sq_8 0.1s
  synth_grounding sq_9 0.2s
  synth_grounding sq_10 0.1s
  synth_grounding sq_11 0.1s
  synth_grounding sq_12 0.1s
  synth_grounding sq_13 0.1s
  synth_grounding sq_14 0.1s
  synth_grounding sq_15 0.1s
  synth_grounding sq_16 0.2s
  synth_grounding sq_17 0.2s
  synth_grounding sq_18 0.1s
  synth_grounding sq_19 0.2s
  synth_grounding sq_20 0.1s
  synth_grounding sq_21 0.2s
  synth_grounding sq_22 0.2s
  synth_grounding sq_23 0.2s
  synth_grounding sq_24 0.2s
  synth_grounding sq_25 0.2s
  synth_grounding sq_26 0.2s
  synth_grounding sq_27 0.2s
  synth_grounding sq_28 0.2s
  synth_grounding sq_29 0.2s
  synth_grounding sq_30 0.2s
  synth_grounding sq_31 0.2s
  synth_grounding sq_32 0.2s
  synth_grounding sq_33 0.2s
  synth_grounding sq_34 0.2s
  synth_grounding sq_35 0.2s
  synth_grounding sq_36 0.2s
  synth_grounding sq_37 0.2s
  synth_grounding sq_38 0.2s
  synth_grounding sq_39 0.2s
  synth_grounding sq_40 0.2s
  synth_grounding sq_41 0.2s
  synth_grounding sq_42 0.2s
  synth_grounding sq_43 0.2s
  synth_grounding sq_44 0.2s
  synth_grounding sq_45 0.2s
  synth_grounding sq_46 0.2s
  synth_grounding sq_47 0.2s
  synth_grounding sq_48 0.2s
  synth_grounding sq_49 0.2s
  synth_grounding sq_50 0.2s
  synth_grounding sq_51 0.2s
  synth_grounding sq_52 0.2s
  synth_grounding sq_53 0.2s
  synth_grounding sq_54 0.2s
  synth_grounding sq_55 0.2s
  synth_grounding sq_56 0.2s
  synth_grounding sq_57 0.2s
  synth_grounding sq_58 0.2s
  synth_grounding sq_59 0.2s
  synth_grounding sq_60 0.2s
  synth_grounding sq_61 0.2s
  synth_grounding sq_62 0.2s
  synth_grounding sq_63 0.2s
  synth_grounding sq_64 0.2s
  synth_grounding sq_65 0.2s
  synth_grounding sq_66 0.2s
  synth_grounding sq_67 0.2s
  synth_grounding sq_68 0.2s
  synth_grounding sq_69 0.2s
  synth_grounding sq_70 0.2s
  synth_grounding sq_71 0.2s
  synth_grounding sq_72 0.2s
  synth_grounding sq_73 0.2s
  synth_grounding sq_74 0.2s
  synth_grounding sq_75 0.2s
  synth_grounding sq_76 0.2s
  synth_grounding sq_77 0.2s
  synth_grounding sq_78 0.2s
  synth_grounding sq_79 0.2s
  synth_grounding sq_80 0.2s
  synth_grounding sq_81 0.2s
  synth_grounding sq_82 0.2s
  synth_grounding sq_83 0.2s
  synth_grounding sq_84 0.2s
  synth_grounding sq_85 0.2s
  synth_grounding sq_86 0.2s
  synth_grounding sq_87 0.2s
  synth_grounding sq_88 0.2s
  synth_grounding sq_89 0.2s
  synth_grounding sq_90 0.2s
  synth_grounding sq_91 0.2s
  synth_grounding sq_92 0.2s
  synth_grounding sq_93 0.2s
  synth_grounding sq_94 0.2s
  synth_grounding sq_95 0.2s
  synth_grounding sq_96 0.2s
  synth_grounding sq_97 0.2s
  synth_grounding sq_98 0.2s
  synth_grounding sq_99 0.2s
  synth_grounding sq_100 0.2s
  synth_grounding sq_101 0.2s
  synth_grounding sq_102 0.2s
  synth_grounding sq_103 0.2s
  synth_grounding sq_104 0.2s
  synth_grounding sq_105 0.2s
  synth_grounding sq_106 0.2s
  synth_grounding sq_107 0.2s
  synth_grounding sq_108 0.2s
  synth_grounding sq_109 0.2s
  synth_grounding sq_110 0.2s
  synth_grounding sq_111 0.2s
  synth_grounding sq_112 0.2s
  synth_grounding sq_113 0.2s
  synth_grounding sq_114 0.2s
  synth_grounding sq_115 0.2s
  synth_grounding sq_116 0.2s
  synth_grounding sq_117 0.2s
  synth_grounding sq_118 0.2s
  synth_grounding sq_119 0.2s
  synth_grounding sq_120 0.2s
  synth_grounding sq_121 0.2s
  synth_grounding sq_122 0.2s
  synth_grounding sq_123 0.2s
  synth_grounding sq_124 0.2s
  synth_grounding sq_125 0.2s
  synth_grounding sq_126 0.2s
  synth_grounding sq_127 0.2s
  synth_grounding sq_128 0.2s
  synth_grounding sq_129 0.2s
  synth_grounding sq_130 0.2s
  synth_grounding sq_131 0.2s
  synth_grounding sq_132 0.2s
  synth_grounding sq_133 0.2s
  synth_grounding sq_134 0.2s
  synth_grounding sq_135 0.2s
  synth_grounding sq_136 0.2s
  synth_grounding sq_137 0.2s
  synth_grounding sq_138 0.2s
  synth_grounding sq_139 0.2s
  synth_grounding sq_140 0.2s
  synth_grounding sq_141 0.2s
  synth_grounding sq_142 0.2s
  synth_grounding sq_143 0.2s
  synth_grounding sq_144 0.2s
  synth_grounding sq_145 0.2s
  synth_grounding sq_146 0.2s
  synth_grounding sq_147 0.2s
  synth_grounding sq_148 0.2s
  synth_grounding sq_149 0.2s
  synth_grounding sq_150 0.2s
  synth_grounding sq_151 0.2s
  synth_grounding sq_152 0.2s
  synth_grounding sq_153 0.2s
  synth_grounding sq_154 0.2s
  synth_grounding sq_155 0.2s
  synth_grounding sq_156 0.2s
  synth_grounding sq_157 0.2s
  synth_grounding sq_158 0.2s
  synth_grounding sq_159 0.2s
  synth_grounding sq_160 0.2s
  synth_grounding sq_161 0.2s
  synth_grounding sq_162 0.2s
  synth_grounding sq_163 0.2s
  synth_grounding sq_164 0.2s
  synth_grounding sq_165 0.2s
  synth_grounding sq_166 0.2s
  synth_grounding sq_167 0.2s
  synth_grounding sq_168 0.2s
  synth_grounding sq_169 0.2s
  synth_grounding sq_170 0.2s
  synth_grounding sq_171 0.2s
  synth_grounding sq_172 0.2s
  synth_grounding sq_173 0.2s
  synth_grounding sq_174 0.2s
  synth_grounding sq_175 0.2s
  synth_grounding sq_176 0.2s
  synth_grounding sq_177 0.2s
  synth_grounding sq_178 0.2s
  synth_grounding sq_179 0.2s
  synth_grounding sq_180 0.2s
  synth_grounding sq_181 0.2s
  synth_grounding sq_182 0.2s
  synth_grounding sq_183 0.2s
  synth_grounding sq_184 0.2s
  synth_grounding sq_185 0.2s
  synth_grounding sq_186 0.2s
  synth_grounding sq_187 0.2s
  synth_grounding sq_188 0.2s
  synth_grounding sq_189 0.2s
  synth_grounding sq_190 0.2s
  synth_grounding sq_191 0.2s
  synth_grounding sq_192 0.2s
  synth_grounding sq_193 0.2s
  synth_grounding sq_194 0.2s
  synth_grounding sq_195 0.2s
  synth_grounding sq_196 0.2s
  synth_grounding sq_197 0.2s
  synth_grounding sq_198 0.2s
  synth_grounding sq_199 0.2s
  synth_grounding sq_200 0.2s
  synth_grounding sq_201 0.2s
  synth_grounding sq_202 0.2s
  synth_grounding sq_203 0.2s
  synth_grounding sq_204 0.2s
  synth_grounding sq_205 0.2s
  synth_grounding sq_206 0.2s
  synth_grounding sq_207 0.2s
  synth_grounding sq_208 0.2s
  synth_grounding sq_209 0.2s
  synth_grounding sq_210 0.2s
  synth_grounding sq_211 0.2s
  synth_grounding sq_212 0.2s
  synth_grounding sq_213 0.2s
  synth_grounding sq_214 0.2s
  synth_grounding sq_215 0.2s
  synth_grounding sq_216 0.2s
  synth_grounding sq_217 0.2s
  synth_grounding sq_218 0.2s
  synth_grounding sq_219 0.2s
  synth_grounding sq_220 0.2s
  synth_grounding sq_221 0.2s
  synth_grounding sq_222 0.2s
  synth_grounding sq_223 0.2s
  synth_grounding sq_224 0.2s
  synth_grounding sq_225 0.2s
  synth_grounding sq_226 0.2s
  synth_grounding sq_227 0.2s
  synth_grounding sq_228 0.2s
  synth_grounding sq_229 0.2s
  synth_grounding sq_230 0.2s
  synth_grounding sq_231 0.2s
  synth_grounding sq_232 0.2s
  synth_grounding sq_233 0.2s
  synth_grounding sq_234 0.2s
  synth_grounding sq_235 0.2s
  synth_grounding sq_236 0.2s
  synth_grounding sq_237 0.2s
  synth_grounding sq_238 0.2s
  synth_grounding sq_239 0.2s
  synth_grounding sq_240 0.2s
  synth_grounding sq_241 0.2s
  synth_grounding sq_242 0.2s
  synth_grounding sq_243 0.2s
  synth_grounding sq_244 0.2s
  synth_grounding sq_245 0.2s
  synth_grounding sq_246 0.2s
  synth_grounding sq_247 0.2s
  synth_grounding sq_248 0.2s
  synth_grounding sq_249 0.2s
  synth_grounding sq_250 0.2s
  synth_grounding sq_251 0.2s
  synth_grounding sq_252 0.2s
  synth_grounding sq_253 0.2s
  synth_grounding sq_254 0.2s
  synth_grounding sq_255 0.2s
  synth_grounding sq_256 0.2s
  synth_grounding sq_257 0.2s
  synth_grounding sq_258 0.2s
  synth_grounding sq_259 0.2s
  synth_grounding sq_260 0.2s
  synth_grounding sq_261 0.2s
  synth_grounding sq_262 0.2s
  synth_grounding sq_263 0.2s
  synth_grounding sq_264 0.2s
  synth_grounding sq_265 0.2s
  synth_grounding sq_266 0.2s
  synth_grounding sq_267 0.2s
  synth_grounding sq_268 0.2s
  synth_grounding sq_269 0.2s
  synth_grounding sq_270 0.2s
  synth_grounding sq_271 0.2s
  synth_grounding sq_272 0.2s
  synth_grounding sq_273 0.2s
  synth_grounding sq_274 0.2s
  synth_grounding sq_275 0.2s
  synth_grounding sq_276 0.2s
  synth_grounding sq_277 0.2s
  synth_grounding sq_278 0.2s
  synth_grounding sq_279 0.2s
  synth_grounding sq_280 0.2s
  synth_grounding sq_281 0.2s
  synth_grounding sq_282 0.2s
  synth_grounding sq_283 0.2s
  synth_grounding sq_284 0.2s
  synth_grounding sq_285 0.2s
  synth_grounding sq_286 0.1s
  synth_grounding sq_287 0.2s
  synth_grounding sq_288 0.2s
  synth_grounding sq_289 0.2s
  synth_grounding sq_290 0.2s
  synth_grounding sq_291 0.2s
  synth_grounding sq_292 0.1s
  synth_grounding sq_293 0.2s
  synth_grounding sq_294 0.2s
  synth_grounding sq_295 0.2s
  synth_grounding sq_296 0.2s
  synth_grounding sq_297 0.2s
  synth_grounding sq_298 0.2s
  synth_grounding sq_299 0.1s
  synth_grounding sq_300 0.2s
  synth_grounding sq_301 0.2s
  synth_grounding sq_302 0.1s
  synth_grounding sq_303 0.2s
  synth_grounding sq_304 0.2s
  synth_grounding sq_305 0.2s
  synth_grounding sq_306 0.2s
  synth_grounding sq_307 0.2s
  synth_grounding sq_308 0.2s
  synth_grounding sq_309 0.2s
  synth_grounding sq_310 0.2s
  synth_grounding sq_311 0.2s
  synth_grounding sq_312 0.2s
  synth_grounding sq_313 0.2s
  synth_grounding sq_314 0.2s
  synth_grounding sq_315 0.2s
  synth_grounding sq_316 0.2s
  synth_grounding sq_317 0.2s
  synth_grounding sq_318 0.2s
  synth_grounding sq_319 0.2s
  synth_grounding sq_320 0.2s
  synth_grounding sq_321 0.2s
  synth_grounding sq_322 0.2s
  synth_grounding sq_323 0.1s
  synth_grounding sq_324 0.2s
  synth_grounding sq_325 0.1s
  synth_grounding sq_326 0.2s
  synth_grounding sq_327 0.2s
  synth_grounding sq_328 0.2s
  synth_grounding sq_329 0.2s
  synth_grounding sq_330 0.2s
  synth_grounding sq_331 0.2s
  synth_grounding sq_332 0.2s
  synth_grounding sq_333 0.2s
  synth_grounding sq_334 0.2s
  synth_grounding sq_335 0.2s
  synth_grounding sq_336 0.2s
  synth_grounding sq_337 0.2s
  synth_grounding sq_338 0.2s
  synth_grounding sq_339 0.2s
  synth_grounding sq_340 0.2s
  synth_grounding sq_341 0.2s
  synth_grounding sq_342 0.2s
  synth_grounding sq_343 0.2s
  synth_grounding sq_344 0.2s
  synth_grounding sq_345 0.2s
  synth_grounding sq_346 0.2s
  synth_grounding sq_347 0.2s
  synth_grounding sq_348 0.2s
  synth_grounding sq_349 0.2s
  synth_grounding sq_350 0.2s
  synth_grounding sq_351 0.2s
  synth_grounding sq_352 0.2s
  synth_grounding sq_353 0.2s
  synth_grounding sq_354 0.2s
  synth_grounding sq_355 0.2s
  synth_grounding sq_356 0.2s
  synth_grounding sq_357 0.2s
  synth_grounding sq_358 0.2s
  synth_grounding sq_359 0.2s
  synth_grounding sq_360 0.2s
  synth_grounding sq_361 0.2s
  synth_grounding sq_362 0.2s
  synth_grounding sq_363 0.2s
  synth_grounding sq_364 0.2s
  synth_grounding sq_365 0.2s
  synth_grounding sq_366 0.2s
  synth_grounding sq_367 0.2s
  synth_grounding sq_368 0.2s
  synth_grounding sq_369 0.2s
  synth_grounding sq_370 0.2s
  synth_grounding sq_371 0.2s
  synth_grounding sq_372 0.2s
  synth_grounding sq_373 0.2s
  synth_grounding sq_374 0.2s
  synth_grounding sq_375 0.2s
  synth_grounding sq_376 0.2s
  synth_grounding sq_377 0.2s
  synth_grounding sq_378 0.2s
  synth_grounding sq_379 0.2s
  synth_grounding sq_380 0.2s
  synth_grounding sq_381 0.2s
  synth_grounding sq_382 0.2s
  synth_grounding sq_383 0.2s
  synth_grounding sq_384 0.2s
  synth_grounding sq_385 0.2s
  synth_grounding sq_386 0.2s
  synth_grounding sq_387 0.2s
  synth_grounding sq_388 0.2s
  synth_grounding sq_389 0.2s
  synth_grounding sq_390 0.2s
  synth_grounding sq_391 0.2s
  synth_grounding sq_392 0.2s
  synth_grounding sq_393 0.2s
  synth_grounding sq_394 0.2s
  synth_grounding sq_395 0.2s
  synth_grounding sq_396 0.2s
  synth_grounding sq_397 0.2s
  synth_grounding sq_398 0.2s
  synth_grounding sq_399 0.2s
  grounding refcoco_0 0.2s
  grounding refcoco_1 0.2s
  grounding refcoco_2 0.3s
  grounding refcoco_3 0.2s
  grounding refcoco_4 0.2s
  grounding refcoco_9 0.2s
  grounding refcoco_12 0.2s
  grounding refcoco_13 0.2s
  grounding refcoco_14 0.2s
  grounding refcoco_15 0.2s
  grounding refcoco_16 0.2s
  grounding refcoco_18 0.2s
  grounding refcoco_19 0.2s
  grounding refcoco_20 0.2s
  grounding refcoco_21 0.2s
  grounding refcoco_22 0.2s
  grounding refcoco_23 0.2s
  grounding refcoco_24 0.2s
  grounding refcoco_27 0.2s
  grounding refcoco_32 0.2s
  grounding refcoco_33 0.2s
  grounding refcoco_36 0.2s
  grounding refcoco_37 0.2s
  grounding refcoco_39 0.2s
  grounding refcoco_40 0.2s
  grounding refcoco_41 0.2s
  grounding refcoco_46 0.2s
  grounding refcoco_47 0.2s
  grounding refcoco_50 0.2s
  grounding refcoco_51 0.2s
  grounding refcoco_55 0.3s
  grounding refcoco_58 0.3s
  grounding refcoco_59 0.3s
  grounding refcoco_62 0.2s
  grounding refcoco_63 0.2s
  grounding refcoco_64 0.2s
  grounding refcoco_65 0.2s
  grounding refcoco_66 0.2s
  grounding refcoco_68 0.3s
  grounding refcoco_70 0.2s
  grounding refcoco_71 0.2s
  grounding refcoco_73 0.2s
  grounding refcoco_75 0.2s
  grounding refcoco_76 0.2s
  grounding refcoco_77 0.2s
  grounding refcoco_79 0.2s
  grounding refcoco_80 0.2s
  grounding refcoco_82 0.3s
  grounding refcoco_83 0.2s
  grounding refcoco_84 0.2s
  grounding refcoco_85 0.2s
  grounding refcoco_91 0.2s
  grounding refcoco_93 0.2s
  grounding refcoco_95 0.2s
  grounding refcoco_97 0.2s
  grounding refcoco_100 0.2s
  grounding refcoco_101 0.2s
  grounding refcoco_102 0.2s
  grounding refcoco_103 0.2s
  grounding refcoco_105 0.2s
  grounding refcoco_106 0.2s
  grounding refcoco_111 0.2s
  grounding refcoco_118 0.2s
  grounding refcoco_119 0.2s
  grounding refcoco_120 0.2s
  grounding refcoco_121 0.3s
  grounding refcoco_122 0.2s
  grounding refcoco_126 0.2s
  grounding refcoco_127 0.2s
  grounding refcoco_131 0.2s
  grounding refcoco_132 0.2s
  grounding refcoco_133 0.2s
  grounding refcoco_135 0.2s
  grounding refcoco_138 0.2s
  grounding refcoco_142 0.2s
  grounding refcoco_143 0.2s
  grounding refcoco_145 0.2s
  grounding refcoco_148 0.2s
  grounding refcoco_149 0.2s
  grounding refcoco_150 0.2s
  grounding refcoco_153 0.2s
  grounding refcoco_154 0.2s
  grounding refcoco_157 0.2s
  grounding refcoco_161 0.2s
  grounding refcoco_162 0.2s
  grounding refcoco_163 0.2s
  grounding refcoco_165 0.2s
  grounding refcoco_168 0.2s
  grounding refcoco_169 0.2s
  grounding refcoco_170 0.2s
  grounding refcoco_171 0.2s
  grounding refcoco_172 0.2s
  grounding refcoco_173 0.2s
  grounding refcoco_174 0.2s
  grounding refcoco_175 0.2s
  grounding refcoco_177 0.2s
  grounding refcoco_179 0.2s
  grounding refcoco_184 0.2s
  grounding refcoco_186 0.2s
  grounding refcoco_187 0.2s
  grounding refcoco_188 0.2s
  grounding refcoco_189 0.2s
  grounding refcoco_190 0.2s
  grounding refcoco_191 0.2s
  grounding refcoco_192 0.2s
  grounding refcoco_193 0.2s
  grounding refcoco_194 0.2s
  grounding refcoco_195 0.2s
  grounding refcoco_196 0.3s
  grounding refcoco_199 0.2s
  grounding refcoco_202 0.2s
  grounding refcoco_203 0.2s
  grounding refcoco_204 0.2s
  grounding refcoco_206 0.3s
  grounding refcoco_208 0.2s
  grounding refcoco_209 0.2s
  grounding refcoco_212 0.2s
  grounding refcoco_215 0.2s
  grounding refcoco_218 0.2s
  grounding refcoco_220 0.2s
  grounding refcoco_222 0.2s
  grounding refcoco_223 0.2s
  grounding refcoco_224 0.2s
  grounding refcoco_225 0.2s
  grounding refcoco_226 0.2s
  grounding refcoco_227 0.2s
  grounding refcoco_228 0.2s
  grounding refcoco_231 0.2s
  grounding refcoco_234 0.2s
  grounding refcoco_241 0.2s
  grounding refcoco_242 0.2s
  grounding refcoco_244 0.2s
  grounding refcoco_245 0.2s
  grounding refcoco_246 0.2s
  grounding refcoco_247 0.2s
  grounding refcoco_248 0.2s
  grounding refcoco_249 0.2s
  grounding refcoco_253 0.2s
  grounding refcoco_254 0.2s
  grounding refcoco_256 0.2s
  grounding refcoco_265 0.2s
  grounding refcoco_266 0.2s
  grounding refcoco_267 0.2s
  grounding refcoco_275 0.2s
  grounding refcoco_277 0.2s
  grounding refcoco_280 0.2s
  grounding refcoco_281 0.2s
  grounding refcoco_282 0.2s
  grounding refcoco_285 0.2s
  grounding refcoco_286 0.2s
  grounding refcoco_287 0.2s
  grounding refcoco_288 0.2s
  grounding refcoco_290 0.2s
  grounding refcoco_294 0.2s
  grounding refcoco_297 0.2s
  grounding refcoco_298 0.2s
  grounding refcoco_300 0.2s
  grounding refcoco_308 0.2s
  grounding refcoco_309 0.2s
  grounding refcoco_310 0.2s
  grounding refcoco_311 0.2s
  grounding refcoco_317 0.2s
  grounding refcoco_318 0.2s
  grounding refcoco_319 0.2s
  grounding refcoco_323 0.2s
  grounding refcoco_324 0.2s
  grounding refcoco_327 0.2s
  grounding refcoco_329 0.2s
  grounding refcoco_330 0.2s
  grounding refcoco_332 0.2s
  grounding refcoco_333 0.2s
  grounding refcoco_334 0.2s
  grounding refcoco_335 0.2s
  grounding refcoco_338 0.2s
  grounding refcoco_340 0.2s
  grounding refcoco_341 0.2s
  grounding refcoco_342 0.2s
  grounding refcoco_343 0.3s
  grounding refcoco_348 0.2s
  grounding refcoco_350 0.2s
  grounding refcoco_358 0.3s
  grounding refcoco_359 0.3s
  grounding refcoco_360 0.3s
  grounding refcoco_362 0.2s
  grounding refcoco_364 0.2s
  grounding refcoco_365 0.2s
  grounding refcoco_366 0.2s
  grounding refcoco_367 0.2s
  grounding refcoco_373 0.2s
  grounding refcoco_374 0.2s
  grounding refcoco_376 0.2s
  grounding refcoco_379 0.2s
  grounding refcoco_380 0.2s
  grounding refcoco_383 0.2s
  grounding refcoco_387 0.2s
  grounding refcoco_394 0.2s
  grounding refcoco_397 0.2s
  grounding refcoco_399 0.2s
  grounding refcoco_400 0.2s
  grounding refcoco_404 0.2s
  grounding refcoco_405 0.2s
  grounding refcoco_406 0.2s
  grounding refcoco_408 0.2s
  grounding refcoco_409 0.3s
  grounding refcoco_411 0.2s
  grounding refcoco_414 0.2s
  grounding refcoco_418 0.3s
  grounding refcoco_419 0.2s
  grounding refcoco_422 0.2s
  grounding refcoco_424 0.2s
  grounding refcoco_425 0.2s
  grounding refcoco_427 0.2s
  grounding refcoco_428 0.2s
  grounding refcoco_429 0.2s
  grounding refcoco_430 0.2s
  grounding refcoco_433 0.2s
  grounding refcoco_434 0.2s
  grounding refcoco_435 0.2s
  grounding refcoco_436 0.2s
  grounding refcoco_441 0.2s
  grounding refcoco_444 0.2s
  grounding refcoco_446 0.2s
  grounding refcoco_452 0.2s
  grounding refcoco_453 0.2s
  grounding refcoco_454 0.2s
  grounding refcoco_455 0.2s
  grounding refcoco_456 0.2s
  grounding refcoco_457 0.2s
  grounding refcoco_458 0.2s
  grounding refcoco_461 0.3s
  grounding refcoco_462 0.3s
  grounding refcoco_465 0.3s
  grounding refcoco_467 0.3s
  grounding refcoco_468 0.2s
  grounding refcoco_469 0.2s
  grounding refcoco_478 0.2s
  grounding refcoco_480 0.2s
  grounding refcoco_481 0.2s
  grounding refcoco_482 0.2s
  grounding refcoco_483 0.2s
  grounding refcoco_487 0.2s
  grounding refcoco_488 0.2s
  grounding refcoco_490 0.2s
  grounding refcoco_493 0.2s
  grounding refcoco_495 0.2s
  grounding refcoco_496 0.2s
  grounding refcoco_497 0.2s
  grounding refcoco_498 0.2s
  grounding refcoco_501 0.2s
  grounding refcoco_504 0.2s
  grounding refcoco_505 0.2s
  grounding refcoco_506 0.3s
  grounding refcoco_513 0.2s
  grounding refcoco_515 0.2s
  grounding refcoco_516 0.2s
  grounding refcoco_520 0.2s
  grounding refcoco_523 0.2s
  grounding refcoco_526 0.2s
  grounding refcoco_533 0.2s
  grounding refcoco_534 0.2s
  grounding refcoco_537 0.2s
  grounding refcoco_539 0.2s
  grounding refcoco_540 0.2s
  grounding refcoco_542 0.2s
  grounding refcoco_544 0.2s
  grounding refcoco_545 0.2s
  grounding refcoco_546 0.2s
  grounding refcoco_547 0.2s
  grounding refcoco_551 0.2s
  grounding refcoco_553 0.3s
  grounding refcoco_556 0.2s
  grounding refcoco_557 0.2s
  grounding refcoco_559 0.2s
  grounding refcoco_560 0.2s
  grounding refcoco_561 0.2s
  grounding refcoco_564 0.2s
  grounding refcoco_565 0.2s
  grounding refcoco_567 0.2s
  grounding refcoco_569 0.2s
  grounding refcoco_573 0.3s
  grounding refcoco_574 0.3s
  grounding refcoco_575 0.2s
  grounding refcoco_581 0.2s
  grounding refcoco_582 0.2s
  grounding refcoco_583 0.2s
  grounding refcoco_585 0.2s
  grounding refcoco_587 0.2s
  grounding refcoco_589 0.2s
  grounding refcoco_593 0.2s
  grounding refcoco_594 0.2s
  grounding refcoco_596 0.3s
  grounding refcoco_597 0.2s
  grounding refcoco_601 0.2s
  grounding refcoco_603 0.2s
  grounding refcoco_604 0.2s
  grounding refcoco_606 0.2s
  grounding refcoco_607 0.2s
  grounding refcoco_610 0.2s
  grounding refcoco_613 0.2s
  grounding refcoco_616 0.2s
  grounding refcoco_617 0.2s
  grounding refcoco_618 0.2s
  grounding refcoco_620 0.2s
  grounding refcoco_623 0.2s
  grounding refcoco_624 0.2s
  grounding refcoco_625 0.2s
  grounding refcoco_626 0.2s
  grounding refcoco_627 0.2s
  grounding refcoco_628 0.2s
  grounding refcoco_630 0.2s
  grounding refcoco_633 0.2s
  grounding refcoco_634 0.2s
  grounding refcoco_640 0.2s
  grounding refcoco_641 0.2s
  grounding refcoco_642 0.2s
  grounding refcoco_643 0.2s
  grounding refcoco_645 0.2s
  grounding refcoco_648 0.2s
  grounding refcoco_649 0.2s
  grounding refcoco_652 0.2s
  grounding refcoco_654 0.2s
  grounding refcoco_655 0.2s
  grounding refcoco_656 0.2s
  grounding refcoco_667 0.2s
  grounding refcoco_669 0.2s
  grounding refcoco_670 0.2s
  grounding refcoco_671 0.2s
  grounding refcoco_672 0.3s
  grounding refcoco_675 0.2s
  grounding refcoco_676 0.2s
  grounding refcoco_677 0.2s
  grounding refcoco_680 0.2s
  grounding refcoco_683 0.2s
  grounding refcoco_684 0.2s
  grounding refcoco_686 0.2s
  grounding refcoco_688 0.3s
  grounding refcoco_689 0.2s
  grounding refcoco_690 0.2s
  grounding refcoco_691 0.2s
  grounding refcoco_692 0.2s
  grounding refcoco_693 0.2s
  grounding refcoco_694 0.2s
  grounding refcoco_695 0.2s
  grounding refcoco_696 0.2s
  grounding refcoco_697 0.2s
  grounding refcoco_698 0.2s
  grounding refcoco_700 0.2s
  grounding refcoco_703 0.2s
  grounding refcoco_704 0.2s
  grounding refcoco_707 0.2s
  grounding refcoco_710 0.2s
  grounding refcoco_711 0.2s
  grounding refcoco_713 0.2s
  grounding refcoco_714 0.2s
  grounding refcoco_716 0.2s
  grounding refcoco_717 0.3s
  grounding refcoco_718 0.3s
  grounding refcoco_719 0.3s
  grounding refcoco_720 0.3s
  grounding refcoco_721 0.3s
  grounding refcoco_722 0.2s
  grounding refcoco_724 0.2s
  grounding refcoco_727 0.3s
  grounding refcoco_728 0.2s
  grounding refcoco_729 0.2s
  grounding refcoco_730 0.2s
  grounding refcoco_731 0.2s
  grounding refcoco_734 0.3s
  grounding refcoco_736 0.2s
  grounding refcoco_737 0.2s
  grounding refcoco_739 0.3s
  grounding refcoco_740 0.3s
  grounding refcoco_744 0.2s
  grounding refcoco_745 0.3s
  grounding refcoco_746 0.2s
  grounding refcoco_747 0.2s
  grounding refcoco_748 0.2s
  grounding refcoco_749 0.2s
  grounding refcoco_752 0.2s
  grounding refcoco_754 0.2s
  grounding refcoco_755 0.2s
  grounding refcoco_759 0.2s
  grounding refcoco_761 0.2s
  grounding refcoco_762 0.2s
  grounding refcoco_763 0.3s
  grounding refcoco_766 0.2s
  grounding refcoco_767 0.3s
  grounding refcoco_770 0.2s
  grounding refcoco_771 0.2s
  grounding refcoco_773 0.2s
  grounding refcoco_774 0.2s
  grounding refcoco_775 0.2s
  grounding refcoco_776 0.2s
  grounding refcoco_777 0.2s
  grounding refcoco_779 0.2s
  grounding refcoco_785 0.2s
  grounding refcoco_790 0.2s
  grounding refcoco_795 0.2s
  grounding refcoco_798 0.2s
  grounding refcoco_799 0.2s
  ocr_synth ocr_0 0.2s
  ocr_synth ocr_1 0.2s
  ocr_synth ocr_2 0.2s
  ocr_synth ocr_3 0.2s
  ocr_synth ocr_4 0.2s
  ocr_synth ocr_5 0.2s
  ocr_synth ocr_6 0.2s
  ocr_synth ocr_7 0.2s
  ocr_synth ocr_8 0.2s
  ocr_synth ocr_9 0.2s
  ocr_synth ocr_10 0.2s
  ocr_synth ocr_11 0.2s
  ocr_synth ocr_12 0.2s
  ocr_synth ocr_13 0.2s
  ocr_synth ocr_14 0.2s
  ocr_synth ocr_15 0.2s
  ocr_synth ocr_16 0.2s
  ocr_synth ocr_17 0.2s
  ocr_synth ocr_18 0.2s
  ocr_synth ocr_19 0.2s
  ocr_synth ocr_20 0.2s
  ocr_synth ocr_21 0.2s
  ocr_synth ocr_22 0.2s
  ocr_synth ocr_23 0.2s
  ocr_synth ocr_24 0.2s
  ocr_synth ocr_25 0.2s
  ocr_synth ocr_26 0.2s
  ocr_synth ocr_27 0.2s
  ocr_synth ocr_28 0.2s
  ocr_synth ocr_29 0.2s
  ocr_synth ocr_30 0.2s
  ocr_synth ocr_31 0.2s
  ocr_synth ocr_32 0.2s
  ocr_synth ocr_33 0.2s
  ocr_synth ocr_34 0.2s
  ocr_synth ocr_35 0.2s
  ocr_synth ocr_36 0.2s
  ocr_synth ocr_37 0.2s
  ocr_synth ocr_38 0.2s
  ocr_synth ocr_39 0.2s
  ocr_synth ocr_40 0.2s
  ocr_synth ocr_41 0.2s
  ocr_synth ocr_42 0.2s
  ocr_synth ocr_43 0.2s
  ocr_synth ocr_44 0.2s
  ocr_synth ocr_45 0.2s
  ocr_synth ocr_46 0.2s
  ocr_synth ocr_47 0.2s
  ocr_synth ocr_48 0.2s
  ocr_synth ocr_49 0.2s
  ocr_synth ocr_50 0.2s
  ocr_synth ocr_51 0.2s
  ocr_synth ocr_52 0.2s
  ocr_synth ocr_53 0.2s
  ocr_synth ocr_54 0.2s
  ocr_synth ocr_55 0.2s
  ocr_synth ocr_56 0.2s
  ocr_synth ocr_57 0.2s
  ocr_synth ocr_58 0.2s
  ocr_synth ocr_59 0.2s
  ocr_synth ocr_60 0.2s
  ocr_synth ocr_61 0.2s
  ocr_synth ocr_62 0.2s
  ocr_synth ocr_63 0.2s
  ocr_synth ocr_64 0.2s
  ocr_synth ocr_65 0.2s
  ocr_synth ocr_66 0.2s
  ocr_synth ocr_67 0.2s
  ocr_synth ocr_68 0.2s
  ocr_synth ocr_69 0.2s
  ocr_synth ocr_70 0.2s
  ocr_synth ocr_71 0.2s
  ocr_synth ocr_72 0.2s
  ocr_synth ocr_73 0.2s
  ocr_synth ocr_74 0.2s
  ocr_synth ocr_75 0.2s
  ocr_synth ocr_76 0.2s
  ocr_synth ocr_77 0.2s
  ocr_synth ocr_78 0.2s
  ocr_synth ocr_79 0.2s
  ocr_synth ocr_80 0.2s
  ocr_synth ocr_81 0.2s
  ocr_synth ocr_82 0.2s
  ocr_synth ocr_83 0.2s
  ocr_synth ocr_84 0.2s
  ocr_synth ocr_85 0.2s
  ocr_synth ocr_86 0.2s
  ocr_synth ocr_87 0.2s
  ocr_synth ocr_88 0.2s
  ocr_synth ocr_89 0.2s
  ocr_synth ocr_90 0.2s
  ocr_synth ocr_91 0.2s
  ocr_synth ocr_92 0.2s
  ocr_synth ocr_93 0.2s
  ocr_synth ocr_94 0.2s
  ocr_synth ocr_95 0.2s
  ocr_synth ocr_96 0.2s
  ocr_synth ocr_97 0.2s
  ocr_synth ocr_98 0.2s
  ocr_synth ocr_99 0.2s
  ocr_synth ocr_100 0.2s
  ocr_synth ocr_101 0.2s
  ocr_synth ocr_102 0.2s
  ocr_synth ocr_103 0.2s
  ocr_synth ocr_104 0.2s
  ocr_synth ocr_105 0.2s
  ocr_synth ocr_106 0.2s
  ocr_synth ocr_107 0.2s
  ocr_synth ocr_108 0.2s
  ocr_synth ocr_109 0.2s
  ocr_synth ocr_110 0.2s
  ocr_synth ocr_111 0.2s
  ocr_synth ocr_112 0.2s
  ocr_synth ocr_113 0.2s
  ocr_synth ocr_114 0.2s
  ocr_synth ocr_115 0.2s
  ocr_synth ocr_116 0.2s
  ocr_synth ocr_117 0.2s
  ocr_synth ocr_118 0.2s
  ocr_synth ocr_119 0.2s
  ocr_synth ocr_120 0.2s
  ocr_synth ocr_121 0.2s
  ocr_synth ocr_122 0.2s
  ocr_synth ocr_123 0.2s
  ocr_synth ocr_124 0.2s
  ocr_synth ocr_125 0.2s
  ocr_synth ocr_126 0.2s
  ocr_synth ocr_127 0.2s
  ocr_synth ocr_128 0.2s
  ocr_synth ocr_129 0.2s
  ocr_synth ocr_130 0.2s
  ocr_synth ocr_131 0.2s
  ocr_synth ocr_132 0.2s
  ocr_synth ocr_133 0.2s
  ocr_synth ocr_134 0.2s
  ocr_synth ocr_135 0.2s
  ocr_synth ocr_136 0.2s
  ocr_synth ocr_137 0.2s
  ocr_synth ocr_138 0.2s
  ocr_synth ocr_139 0.2s
  ocr_synth ocr_140 0.2s
  ocr_synth ocr_141 0.2s
  ocr_synth ocr_142 0.2s
  ocr_synth ocr_143 0.2s
  ocr_synth ocr_144 0.2s
  ocr_synth ocr_145 0.2s
  ocr_synth ocr_146 0.2s
  ocr_synth ocr_147 0.2s
  ocr_synth ocr_148 0.2s
  ocr_synth ocr_149 0.2s
  ocr_synth ocr_150 0.2s
  ocr_synth ocr_151 0.2s
  ocr_synth ocr_152 0.2s
  ocr_synth ocr_153 0.2s
  ocr_synth ocr_154 0.2s
  ocr_synth ocr_155 0.2s
  ocr_synth ocr_156 0.2s
  ocr_synth ocr_157 0.2s
  ocr_synth ocr_158 0.2s
  ocr_synth ocr_159 0.2s
  ocr_synth ocr_160 0.2s
  ocr_synth ocr_161 0.2s
  ocr_synth ocr_162 0.2s
  ocr_synth ocr_163 0.2s
  ocr_synth ocr_164 0.2s
  ocr_synth ocr_165 0.2s
  ocr_synth ocr_166 0.2s
  ocr_synth ocr_167 0.2s
  ocr_synth ocr_168 0.2s
  ocr_synth ocr_169 0.1s
  ocr_synth ocr_170 0.2s
  ocr_synth ocr_171 0.1s
  ocr_synth ocr_172 0.2s
  ocr_synth ocr_173 0.2s
  ocr_synth ocr_174 0.2s
  ocr_synth ocr_175 0.1s
  ocr_synth ocr_176 0.1s
  ocr_synth ocr_177 0.1s
  ocr_synth ocr_178 0.2s
  ocr_synth ocr_179 0.2s
  ocr_synth ocr_180 0.2s
  ocr_synth ocr_181 0.2s
  ocr_synth ocr_182 0.2s
  ocr_synth ocr_183 0.1s
  ocr_synth ocr_184 0.1s
  ocr_synth ocr_185 0.1s
  ocr_synth ocr_186 0.2s
  ocr_synth ocr_187 0.2s
  ocr_synth ocr_188 0.2s
  ocr_synth ocr_189 0.2s
  ocr_synth ocr_190 0.2s
  ocr_synth ocr_191 0.2s
  ocr_synth ocr_192 0.2s
  ocr_synth ocr_193 0.2s
  ocr_synth ocr_194 0.2s
  ocr_synth ocr_195 0.1s
  ocr_synth ocr_196 0.2s
  ocr_synth ocr_197 0.2s
  ocr_synth ocr_198 0.1s
  ocr_synth ocr_199 0.1s
  ocr_synth ocr_200 0.1s
  ocr_synth ocr_201 0.1s
  ocr_synth ocr_202 0.2s
  ocr_synth ocr_203 0.1s
  ocr_synth ocr_204 0.1s
  ocr_synth ocr_205 0.1s
  ocr_synth ocr_206 0.2s
  ocr_synth ocr_207 0.1s
  ocr_synth ocr_208 0.1s
  ocr_synth ocr_209 0.1s
  ocr_synth ocr_210 0.2s
  ocr_synth ocr_211 0.2s
  ocr_synth ocr_212 0.1s
  ocr_synth ocr_213 0.1s
  ocr_synth ocr_214 0.1s
  ocr_synth ocr_215 0.1s
  ocr_synth ocr_216 0.2s
  ocr_synth ocr_217 0.1s
  ocr_synth ocr_218 0.1s
  ocr_synth ocr_219 0.1s
  ocr_synth ocr_220 0.2s
  ocr_synth ocr_221 0.1s
  ocr_synth ocr_222 0.2s
  ocr_synth ocr_223 0.2s
  ocr_synth ocr_224 0.2s
  ocr_synth ocr_225 0.2s
  ocr_synth ocr_226 0.2s
  ocr_synth ocr_227 0.1s
  ocr_synth ocr_228 0.2s
  ocr_synth ocr_229 0.2s
  ocr_synth ocr_230 0.2s
  ocr_synth ocr_231 0.2s
  ocr_synth ocr_232 0.2s
  ocr_synth ocr_233 0.1s
  ocr_synth ocr_234 0.1s
  ocr_synth ocr_235 0.2s
  ocr_synth ocr_236 0.1s
  ocr_synth ocr_237 0.2s
  ocr_synth ocr_238 0.2s
  ocr_synth ocr_239 0.2s
  ocr_synth ocr_240 0.2s
  ocr_synth ocr_241 0.1s
  ocr_synth ocr_242 0.2s
  ocr_synth ocr_243 0.2s
  ocr_synth ocr_244 0.2s
  ocr_synth ocr_245 0.2s
  ocr_synth ocr_246 0.2s
  ocr_synth ocr_247 0.2s
  ocr_synth ocr_248 0.1s
  ocr_synth ocr_249 0.1s
  ocr_synth ocr_250 0.2s
  ocr_synth ocr_251 0.2s
  ocr_synth ocr_252 0.2s
  ocr_synth ocr_253 0.1s
  ocr_synth ocr_254 0.2s
  ocr_synth ocr_255 0.2s
  ocr_synth ocr_256 0.2s
  ocr_synth ocr_257 0.1s
  ocr_synth ocr_258 0.2s
  ocr_synth ocr_259 0.1s
  ocr_synth ocr_260 0.2s
  ocr_synth ocr_261 0.1s
  ocr_synth ocr_262 0.1s
  ocr_synth ocr_263 0.2s
  ocr_synth ocr_264 0.2s
  ocr_synth ocr_265 0.2s
  ocr_synth ocr_266 0.2s
  ocr_synth ocr_267 0.2s
  ocr_synth ocr_268 0.1s
  ocr_synth ocr_269 0.2s
  ocr_synth ocr_270 0.1s
  ocr_synth ocr_271 0.2s
  ocr_synth ocr_272 0.1s
  ocr_synth ocr_273 0.2s
  ocr_synth ocr_274 0.1s
  ocr_synth ocr_275 0.1s
  ocr_synth ocr_276 0.1s
  ocr_synth ocr_277 0.1s
  ocr_synth ocr_278 0.1s
  ocr_synth ocr_279 0.1s
  ocr_synth ocr_280 0.2s
  ocr_synth ocr_281 0.2s
  ocr_synth ocr_282 0.1s
  ocr_synth ocr_283 0.2s
  ocr_synth ocr_284 0.1s
  ocr_synth ocr_285 0.2s
  ocr_synth ocr_286 0.1s
  ocr_synth ocr_287 0.1s
  ocr_synth ocr_288 0.2s
  ocr_synth ocr_289 0.1s
  ocr_synth ocr_290 0.1s
  ocr_synth ocr_291 0.2s
  ocr_synth ocr_292 0.2s
  ocr_synth ocr_293 0.2s
  ocr_synth ocr_294 0.1s
  ocr_synth ocr_295 0.2s
  ocr_synth ocr_296 0.2s
  ocr_synth ocr_297 0.1s
  ocr_synth ocr_298 0.2s
  ocr_synth ocr_299 0.2s
  ocr_synth ocr_300 0.2s
  ocr_synth ocr_301 0.2s
  ocr_synth ocr_302 0.1s
  ocr_synth ocr_303 0.2s
  ocr_synth ocr_304 0.1s
  ocr_synth ocr_305 0.1s
  ocr_synth ocr_306 0.2s
  ocr_synth ocr_307 0.2s
  ocr_synth ocr_308 0.1s
  ocr_synth ocr_309 0.1s
  ocr_synth ocr_310 0.2s
  ocr_synth ocr_311 0.1s
  ocr_synth ocr_312 0.1s
  ocr_synth ocr_313 0.1s
  ocr_synth ocr_314 0.1s
  ocr_synth ocr_315 0.2s
  ocr_synth ocr_316 0.2s
  ocr_synth ocr_317 0.2s
  ocr_synth ocr_318 0.1s
  ocr_synth ocr_319 0.2s
  ocr_synth ocr_320 0.2s
  ocr_synth ocr_321 0.2s
  ocr_synth ocr_322 0.1s
  ocr_synth ocr_323 0.1s
  ocr_synth ocr_324 0.1s
  ocr_synth ocr_325 0.1s
  ocr_synth ocr_326 0.1s
  ocr_synth ocr_327 0.1s
  ocr_synth ocr_328 0.1s
  ocr_synth ocr_329 0.1s
  ocr_synth ocr_330 0.1s
  ocr_synth ocr_331 0.1s
  ocr_synth ocr_332 0.1s
  ocr_synth ocr_333 0.1s
  ocr_synth ocr_334 0.1s
  ocr_synth ocr_335 0.1s
  ocr_synth ocr_336 0.1s
  ocr_synth ocr_337 0.2s
  ocr_synth ocr_338 0.1s
  ocr_synth ocr_339 0.1s
  ocr_synth ocr_340 0.1s
  ocr_synth ocr_341 0.1s
  ocr_synth ocr_342 0.1s
  ocr_synth ocr_343 0.1s
  ocr_synth ocr_344 0.1s
  ocr_synth ocr_345 0.1s
  ocr_synth ocr_346 0.1s
  ocr_synth ocr_347 0.1s
  ocr_synth ocr_348 0.2s
  ocr_synth ocr_349 0.1s
  ocr_synth ocr_350 0.2s
  ocr_synth ocr_351 0.1s
  ocr_synth ocr_352 0.1s
  ocr_synth ocr_353 0.1s
  ocr_synth ocr_354 0.1s
  ocr_synth ocr_355 0.2s
  ocr_synth ocr_356 0.2s
  ocr_synth ocr_357 0.2s
  ocr_synth ocr_358 0.1s
  ocr_synth ocr_359 0.2s
  ocr_synth ocr_360 0.1s
  ocr_synth ocr_361 0.1s
  ocr_synth ocr_362 0.1s
  ocr_synth ocr_363 0.1s
  ocr_synth ocr_364 0.1s
  ocr_synth ocr_365 0.1s
  ocr_synth ocr_366 0.1s
  ocr_synth ocr_367 0.2s
  ocr_synth ocr_368 0.2s
  ocr_synth ocr_369 0.1s
  ocr_synth ocr_370 0.2s
  ocr_synth ocr_371 0.1s
  ocr_synth ocr_372 0.1s
  ocr_synth ocr_373 0.1s
  ocr_synth ocr_374 0.2s
  ocr_synth ocr_375 0.2s
  ocr_synth ocr_376 0.2s
  ocr_synth ocr_377 0.1s
  ocr_synth ocr_378 0.1s
  ocr_synth ocr_379 0.1s
  ocr_synth ocr_380 0.1s
  ocr_synth ocr_381 0.1s
  ocr_synth ocr_382 0.1s
  ocr_synth ocr_383 0.1s
  ocr_synth ocr_384 0.1s
  ocr_synth ocr_385 0.1s
  ocr_synth ocr_386 0.2s
  ocr_synth ocr_387 0.1s
  ocr_synth ocr_388 0.1s
  ocr_synth ocr_389 0.1s
  ocr_synth ocr_390 0.1s
  ocr_synth ocr_391 0.1s
  ocr_synth ocr_392 0.1s
  ocr_synth ocr_393 0.1s
  ocr_synth ocr_394 0.1s
  ocr_synth ocr_395 0.2s
  ocr_synth ocr_396 0.1s
  ocr_synth ocr_397 0.2s
  ocr_synth ocr_398 0.2s
  ocr_synth ocr_399 0.1s
Traceback (most recent call last):
  File "/data/lab/CVPR2027_LLM/scripts/run_probes.py", line 263, in <module>
    main()
  File "/data/lab/CVPR2027_LLM/scripts/run_probes.py", line 241, in main
    run_cond(wrapper, pairs, out)
  File "/data/lab/CVPR2027_LLM/scripts/run_probes.py", line 105, in run_cond
    rb.append(rows)
AttributeError: 'dict' object has no attribute 'append'
[2026-09-22 10:17:54] waiting for data/.prepped
[2026-09-22 10:17:54] data ready; starting branch for Qwen/Qwen2.5-VL-7B-Instruct on cuda:0
[2026-09-22 10:17:54] STAGE probes (synth_grounding,ocr_synth,sink,grounding,cond,occlusion,pope, max_samples=400)
Warning: You are sending unauthenticated requests to the HF Hub. Please set a HF_TOKEN to enable higher rate limits and faster downloads.
Fetching 5 files:   0%|          | 0/5 [00:00<?, ?it/s]Fetching 5 files: 100%|██████████| 5/5 [00:00<00:00, 689.60it/s]
Loading weights:   0%|          | 0/729 [00:00<?, ?it/s]Loading weights:  40%|███▉      | 291/729 [00:00<00:00, 2866.40it/s]Loading weights:  79%|███████▉  | 578/729 [00:00<00:00, 2782.82it/s]Loading weights: 100%|██████████| 729/729 [00:00<00:00, 2796.68it/s]
model=Qwen/Qwen2.5-VL-7B-Instruct layers=28 heads=28 family=qwen2.5vl
  synth_grounding sq_0 0.9s
  synth_grounding sq_1 0.2s
  synth_grounding sq_2 0.1s
  synth_grounding sq_3 0.1s
  synth_grounding sq_4 0.1s
  synth_grounding sq_5 0.2s
  synth_grounding sq_6 0.2s
  synth_grounding sq_7 0.1s
  synth_grounding sq_8 0.2s
  synth_grounding sq_9 0.2s
  synth_grounding sq_10 0.2s
  synth_grounding sq_11 0.1s
  synth_grounding sq_12 0.2s
  synth_grounding sq_13 0.1s
  synth_grounding sq_14 0.2s
  synth_grounding sq_15 0.1s
  synth_grounding sq_16 0.1s
  synth_grounding sq_17 0.2s
  synth_grounding sq_18 0.1s
  synth_grounding sq_19 0.1s
  synth_grounding sq_20 0.2s
  synth_grounding sq_21 0.1s
  synth_grounding sq_22 0.2s
  synth_grounding sq_23 0.2s
  synth_grounding sq_24 0.2s
  synth_grounding sq_25 0.2s
  synth_grounding sq_26 0.2s
  synth_grounding sq_27 0.2s
  synth_grounding sq_28 0.2s
  synth_grounding sq_29 0.1s
  synth_grounding sq_30 0.2s
  synth_grounding sq_31 0.2s
  synth_grounding sq_32 0.1s
  synth_grounding sq_33 0.2s
  synth_grounding sq_34 0.2s
  synth_grounding sq_35 0.2s
  synth_grounding sq_36 0.2s
  synth_grounding sq_37 0.1s
  synth_grounding sq_38 0.2s
  synth_grounding sq_39 0.1s
  synth_grounding sq_40 0.1s
  synth_grounding sq_41 0.2s
  synth_grounding sq_42 0.2s
  synth_grounding sq_43 0.2s
  synth_grounding sq_44 0.2s
  synth_grounding sq_45 0.2s
  synth_grounding sq_46 0.2s
  synth_grounding sq_47 0.2s
  synth_grounding sq_48 0.2s
  synth_grounding sq_49 0.2s
  synth_grounding sq_50 0.2s
  synth_grounding sq_51 0.2s
  synth_grounding sq_52 0.2s
  synth_grounding sq_53 0.2s
  synth_grounding sq_54 0.2s
  synth_grounding sq_55 0.2s
  synth_grounding sq_56 0.1s
  synth_grounding sq_57 0.2s
  synth_grounding sq_58 0.2s
  synth_grounding sq_59 0.2s
  synth_grounding sq_60 0.2s
  synth_grounding sq_61 0.1s
  synth_grounding sq_62 0.2s
  synth_grounding sq_63 0.2s
  synth_grounding sq_64 0.2s
  synth_grounding sq_65 0.1s
  synth_grounding sq_66 0.2s
  synth_grounding sq_67 0.1s
  synth_grounding sq_68 0.1s
  synth_grounding sq_69 0.1s
  synth_grounding sq_70 0.1s
  synth_grounding sq_71 0.2s
  synth_grounding sq_72 0.1s
  synth_grounding sq_73 0.1s
  synth_grounding sq_74 0.2s
  synth_grounding sq_75 0.2s
  synth_grounding sq_76 0.2s
  synth_grounding sq_77 0.2s
  synth_grounding sq_78 0.2s
  synth_grounding sq_79 0.2s
  synth_grounding sq_80 0.2s
  synth_grounding sq_81 0.2s
  synth_grounding sq_82 0.2s
  synth_grounding sq_83 0.2s
  synth_grounding sq_84 0.2s
  synth_grounding sq_85 0.2s
  synth_grounding sq_86 0.2s
  synth_grounding sq_87 0.2s
  synth_grounding sq_88 0.2s
  synth_grounding sq_89 0.1s
  synth_grounding sq_90 0.2s
  synth_grounding sq_91 0.1s
  synth_grounding sq_92 0.1s
  synth_grounding sq_93 0.2s
  synth_grounding sq_94 0.1s
  synth_grounding sq_95 0.2s
  synth_grounding sq_96 0.2s
  synth_grounding sq_97 0.1s
  synth_grounding sq_98 0.1s
  synth_grounding sq_99 0.1s
  synth_grounding sq_100 0.2s
  synth_grounding sq_101 0.2s
  synth_grounding sq_102 0.2s
  synth_grounding sq_103 0.1s
  synth_grounding sq_104 0.2s
  synth_grounding sq_105 0.2s
  synth_grounding sq_106 0.2s
  synth_grounding sq_107 0.2s
  synth_grounding sq_108 0.1s
  synth_grounding sq_109 0.1s
  synth_grounding sq_110 0.2s
  synth_grounding sq_111 0.2s
  synth_grounding sq_112 0.2s
  synth_grounding sq_113 0.2s
  synth_grounding sq_114 0.2s
  synth_grounding sq_115 0.2s
  synth_grounding sq_116 0.2s
  synth_grounding sq_117 0.2s
  synth_grounding sq_118 0.1s
  synth_grounding sq_119 0.1s
  synth_grounding sq_120 0.2s
  synth_grounding sq_121 0.1s
  synth_grounding sq_122 0.1s
  synth_grounding sq_123 0.1s
  synth_grounding sq_124 0.1s
  synth_grounding sq_125 0.1s
  synth_grounding sq_126 0.1s
  synth_grounding sq_127 0.1s
  synth_grounding sq_128 0.1s
  synth_grounding sq_129 0.2s
  synth_grounding sq_130 0.1s
  synth_grounding sq_131 0.2s
  synth_grounding sq_132 0.1s
  synth_grounding sq_133 0.1s
  synth_grounding sq_134 0.1s
  synth_grounding sq_135 0.1s
  synth_grounding sq_136 0.2s
  synth_grounding sq_137 0.2s
  synth_grounding sq_138 0.2s
  synth_grounding sq_139 0.1s
  synth_grounding sq_140 0.2s
  synth_grounding sq_141 0.1s
  synth_grounding sq_142 0.1s
  synth_grounding sq_143 0.1s
  synth_grounding sq_144 0.2s
  synth_grounding sq_145 0.1s
  synth_grounding sq_146 0.1s
  synth_grounding sq_147 0.2s
  synth_grounding sq_148 0.2s
  synth_grounding sq_149 0.2s
  synth_grounding sq_150 0.2s
  synth_grounding sq_151 0.2s
  synth_grounding sq_152 0.2s
  synth_grounding sq_153 0.2s
  synth_grounding sq_154 0.2s
  synth_grounding sq_155 0.2s
  synth_grounding sq_156 0.2s
  synth_grounding sq_157 0.2s
  synth_grounding sq_158 0.2s
  synth_grounding sq_159 0.2s
  synth_grounding sq_160 0.2s
  synth_grounding sq_161 0.2s
  synth_grounding sq_162 0.2s
  synth_grounding sq_163 0.2s
  synth_grounding sq_164 0.2s
  synth_grounding sq_165 0.2s
  synth_grounding sq_166 0.2s
  synth_grounding sq_167 0.2s
  synth_grounding sq_168 0.2s
  synth_grounding sq_169 0.2s
  synth_grounding sq_170 0.2s
  synth_grounding sq_171 0.2s
  synth_grounding sq_172 0.1s
  synth_grounding sq_173 0.1s
  synth_grounding sq_174 0.2s
  synth_grounding sq_175 0.2s
  synth_grounding sq_176 0.2s
  synth_grounding sq_177 0.2s
  synth_grounding sq_178 0.2s
  synth_grounding sq_179 0.2s
  synth_grounding sq_180 0.2s
  synth_grounding sq_181 0.2s
  synth_grounding sq_182 0.2s
  synth_grounding sq_183 0.2s
  synth_grounding sq_184 0.2s
  synth_grounding sq_185 0.2s
  synth_grounding sq_186 0.2s
  synth_grounding sq_187 0.2s
  synth_grounding sq_188 0.2s
  synth_grounding sq_189 0.2s
  synth_grounding sq_190 0.2s
  synth_grounding sq_191 0.2s
  synth_grounding sq_192 0.1s
  synth_grounding sq_193 0.1s
  synth_grounding sq_194 0.1s
  synth_grounding sq_195 0.1s
  synth_grounding sq_196 0.2s
  synth_grounding sq_197 0.2s
  synth_grounding sq_198 0.2s
  synth_grounding sq_199 0.2s
  synth_grounding sq_200 0.1s
  synth_grounding sq_201 0.2s
  synth_grounding sq_202 0.1s
  synth_grounding sq_203 0.2s
  synth_grounding sq_204 0.2s
  synth_grounding sq_205 0.1s
  synth_grounding sq_206 0.2s
  synth_grounding sq_207 0.1s
  synth_grounding sq_208 0.2s
  synth_grounding sq_209 0.2s
  synth_grounding sq_210 0.2s
  synth_grounding sq_211 0.2s
  synth_grounding sq_212 0.2s
  synth_grounding sq_213 0.2s
  synth_grounding sq_214 0.2s
  synth_grounding sq_215 0.2s
  synth_grounding sq_216 0.2s
  synth_grounding sq_217 0.2s
  synth_grounding sq_218 0.2s
  synth_grounding sq_219 0.2s
  synth_grounding sq_220 0.2s
  synth_grounding sq_221 0.2s
  synth_grounding sq_222 0.2s
  synth_grounding sq_223 0.2s
  synth_grounding sq_224 0.2s
  synth_grounding sq_225 0.2s
  synth_grounding sq_226 0.2s
  synth_grounding sq_227 0.2s
  synth_grounding sq_228 0.2s
  synth_grounding sq_229 0.2s
  synth_grounding sq_230 0.2s
  synth_grounding sq_231 0.2s
  synth_grounding sq_232 0.2s
  synth_grounding sq_233 0.2s
  synth_grounding sq_234 0.1s
  synth_grounding sq_235 0.2s
  synth_grounding sq_236 0.2s
  synth_grounding sq_237 0.2s
  synth_grounding sq_238 0.2s
  synth_grounding sq_239 0.2s
  synth_grounding sq_240 0.2s
  synth_grounding sq_241 0.2s
  synth_grounding sq_242 0.2s
  synth_grounding sq_243 0.2s
  synth_grounding sq_244 0.2s
  synth_grounding sq_245 0.2s
  synth_grounding sq_246 0.2s
  synth_grounding sq_247 0.1s
  synth_grounding sq_248 0.2s
  synth_grounding sq_249 0.2s
  synth_grounding sq_250 0.2s
  synth_grounding sq_251 0.1s
  synth_grounding sq_252 0.1s
  synth_grounding sq_253 0.2s
  synth_grounding sq_254 0.1s
  synth_grounding sq_255 0.1s
  synth_grounding sq_256 0.2s
  synth_grounding sq_257 0.2s
  synth_grounding sq_258 0.2s
  synth_grounding sq_259 0.2s
  synth_grounding sq_260 0.2s
  synth_grounding sq_261 0.2s
  synth_grounding sq_262 0.2s
  synth_grounding sq_263 0.2s
  synth_grounding sq_264 0.1s
  synth_grounding sq_265 0.1s
  synth_grounding sq_266 0.2s
  synth_grounding sq_267 0.1s
  synth_grounding sq_268 0.1s
  synth_grounding sq_269 0.1s
  synth_grounding sq_270 0.2s
  synth_grounding sq_271 0.2s
  synth_grounding sq_272 0.1s
  synth_grounding sq_273 0.2s
  synth_grounding sq_274 0.1s
  synth_grounding sq_275 0.1s
  synth_grounding sq_276 0.1s
  synth_grounding sq_277 0.1s
  synth_grounding sq_278 0.1s
  synth_grounding sq_279 0.1s
  synth_grounding sq_280 0.2s
  synth_grounding sq_281 0.1s
  synth_grounding sq_282 0.1s
  synth_grounding sq_283 0.1s
  synth_grounding sq_284 0.1s
  synth_grounding sq_285 0.1s
  synth_grounding sq_286 0.1s
  synth_grounding sq_287 0.1s
  synth_grounding sq_288 0.1s
  synth_grounding sq_289 0.2s
  synth_grounding sq_290 0.1s
  synth_grounding sq_291 0.1s
  synth_grounding sq_292 0.1s
  synth_grounding sq_293 0.2s
  synth_grounding sq_294 0.1s
  synth_grounding sq_295 0.1s
  synth_grounding sq_296 0.1s
  synth_grounding sq_297 0.1s
  synth_grounding sq_298 0.1s
  synth_grounding sq_299 0.1s
  synth_grounding sq_300 0.1s
  synth_grounding sq_301 0.2s
  synth_grounding sq_302 0.1s
  synth_grounding sq_303 0.1s
  synth_grounding sq_304 0.1s
  synth_grounding sq_305 0.1s
  synth_grounding sq_306 0.2s
  synth_grounding sq_307 0.2s
  synth_grounding sq_308 0.1s
  synth_grounding sq_309 0.1s
  synth_grounding sq_310 0.1s
  synth_grounding sq_311 0.1s
  synth_grounding sq_312 0.1s
  synth_grounding sq_313 0.1s
  synth_grounding sq_314 0.1s
  synth_grounding sq_315 0.1s
  synth_grounding sq_316 0.1s
  synth_grounding sq_317 0.2s
  synth_grounding sq_318 0.2s
  synth_grounding sq_319 0.2s
  synth_grounding sq_320 0.2s
  synth_grounding sq_321 0.2s
  synth_grounding sq_322 0.2s
  synth_grounding sq_323 0.2s
  synth_grounding sq_324 0.2s
  synth_grounding sq_325 0.2s
  synth_grounding sq_326 0.2s
  synth_grounding sq_327 0.2s
  synth_grounding sq_328 0.2s
  synth_grounding sq_329 0.1s
  synth_grounding sq_330 0.2s
  synth_grounding sq_331 0.2s
  synth_grounding sq_332 0.2s
  synth_grounding sq_333 0.2s
  synth_grounding sq_334 0.2s
  synth_grounding sq_335 0.2s
  synth_grounding sq_336 0.2s
  synth_grounding sq_337 0.2s
  synth_grounding sq_338 0.2s
  synth_grounding sq_339 0.2s
  synth_grounding sq_340 0.2s
  synth_grounding sq_341 0.2s
  synth_grounding sq_342 0.2s
  synth_grounding sq_343 0.2s
  synth_grounding sq_344 0.2s
  synth_grounding sq_345 0.2s
  synth_grounding sq_346 0.2s
  synth_grounding sq_347 0.2s
  synth_grounding sq_348 0.2s
  synth_grounding sq_349 0.2s
  synth_grounding sq_350 0.2s
  synth_grounding sq_351 0.2s
  synth_grounding sq_352 0.2s
  synth_grounding sq_353 0.2s
  synth_grounding sq_354 0.2s
  synth_grounding sq_355 0.2s
  synth_grounding sq_356 0.2s
  synth_grounding sq_357 0.2s
  synth_grounding sq_358 0.2s
  synth_grounding sq_359 0.2s
  synth_grounding sq_360 0.2s
  synth_grounding sq_361 0.1s
  synth_grounding sq_362 0.1s
  synth_grounding sq_363 0.2s
  synth_grounding sq_364 0.1s
  synth_grounding sq_365 0.2s
  synth_grounding sq_366 0.2s
  synth_grounding sq_367 0.2s
  synth_grounding sq_368 0.1s
  synth_grounding sq_369 0.2s
  synth_grounding sq_370 0.1s
  synth_grounding sq_371 0.1s
  synth_grounding sq_372 0.1s
  synth_grounding sq_373 0.2s
  synth_grounding sq_374 0.1s
  synth_grounding sq_375 0.2s
  synth_grounding sq_376 0.2s
  synth_grounding sq_377 0.2s
  synth_grounding sq_378 0.2s
  synth_grounding sq_379 0.2s
  synth_grounding sq_380 0.2s
  synth_grounding sq_381 0.2s
  synth_grounding sq_382 0.2s
  synth_grounding sq_383 0.2s
  synth_grounding sq_384 0.2s
  synth_grounding sq_385 0.2s
  synth_grounding sq_386 0.2s
  synth_grounding sq_387 0.2s
  synth_grounding sq_388 0.2s
  synth_grounding sq_389 0.2s
  synth_grounding sq_390 0.1s
  synth_grounding sq_391 0.2s
  synth_grounding sq_392 0.1s
  synth_grounding sq_393 0.1s
  synth_grounding sq_394 0.1s
  synth_grounding sq_395 0.2s
  synth_grounding sq_396 0.2s
  synth_grounding sq_397 0.2s
  synth_grounding sq_398 0.2s
  synth_grounding sq_399 0.2s
  grounding refcoco_0 0.2s
  grounding refcoco_1 0.2s
  grounding refcoco_2 0.3s
  grounding refcoco_3 0.2s
  grounding refcoco_4 0.2s
  grounding refcoco_9 0.2s
  grounding refcoco_12 0.2s
  grounding refcoco_13 0.2s
  grounding refcoco_14 0.2s
  grounding refcoco_15 0.2s
  grounding refcoco_16 0.2s
  grounding refcoco_18 0.2s
  grounding refcoco_19 0.2s
  grounding refcoco_20 0.2s
  grounding refcoco_21 0.2s
  grounding refcoco_22 0.2s
  grounding refcoco_23 0.2s
  grounding refcoco_24 0.3s
  grounding refcoco_27 0.2s
  grounding refcoco_32 0.2s
  grounding refcoco_33 0.2s
  grounding refcoco_36 0.2s
  grounding refcoco_37 0.2s
  grounding refcoco_39 0.2s
  grounding refcoco_40 0.2s
  grounding refcoco_41 0.2s
  grounding refcoco_46 0.2s
  grounding refcoco_47 0.2s
  grounding refcoco_50 0.2s
  grounding refcoco_51 0.2s
  grounding refcoco_55 0.3s
  grounding refcoco_58 0.3s
  grounding refcoco_59 0.3s
  grounding refcoco_62 0.2s
  grounding refcoco_63 0.2s
  grounding refcoco_64 0.2s
  grounding refcoco_65 0.2s
  grounding refcoco_66 0.2s
  grounding refcoco_68 0.3s
  grounding refcoco_70 0.2s
  grounding refcoco_71 0.2s
  grounding refcoco_73 0.2s
  grounding refcoco_75 0.2s
  grounding refcoco_76 0.2s
  grounding refcoco_77 0.2s
  grounding refcoco_79 0.3s
  grounding refcoco_80 0.2s
  grounding refcoco_82 0.2s
  grounding refcoco_83 0.2s
  grounding refcoco_84 0.2s
  grounding refcoco_85 0.2s
  grounding refcoco_91 0.2s
  grounding refcoco_93 0.2s
  grounding refcoco_95 0.2s
  grounding refcoco_97 0.2s
  grounding refcoco_100 0.2s
  grounding refcoco_101 0.2s
  grounding refcoco_102 0.2s
  grounding refcoco_103 0.2s
  grounding refcoco_105 0.2s
  grounding refcoco_106 0.2s
  grounding refcoco_111 0.2s
  grounding refcoco_118 0.2s
  grounding refcoco_119 0.2s
  grounding refcoco_120 0.2s
  grounding refcoco_121 0.2s
  grounding refcoco_122 0.2s
  grounding refcoco_126 0.2s
  grounding refcoco_127 0.2s
  grounding refcoco_131 0.2s
  grounding refcoco_132 0.2s
  grounding refcoco_133 0.2s
  grounding refcoco_135 0.2s
  grounding refcoco_138 0.2s
  grounding refcoco_142 0.2s
  grounding refcoco_143 0.2s
  grounding refcoco_145 0.2s
  grounding refcoco_148 0.2s
  grounding refcoco_149 0.2s
  grounding refcoco_150 0.2s
  grounding refcoco_153 0.2s
  grounding refcoco_154 0.2s
  grounding refcoco_157 0.2s
  grounding refcoco_161 0.2s
  grounding refcoco_162 0.2s
  grounding refcoco_163 0.2s
  grounding refcoco_165 0.2s
  grounding refcoco_168 0.2s
  grounding refcoco_169 0.2s
  grounding refcoco_170 0.2s
  grounding refcoco_171 0.2s
  grounding refcoco_172 0.2s
  grounding refcoco_173 0.2s
  grounding refcoco_174 0.2s
  grounding refcoco_175 0.2s
  grounding refcoco_177 0.2s
  grounding refcoco_179 0.2s
  grounding refcoco_184 0.2s
  grounding refcoco_186 0.2s
  grounding refcoco_187 0.2s
  grounding refcoco_188 0.2s
  grounding refcoco_189 0.2s
  grounding refcoco_190 0.2s
  grounding refcoco_191 0.2s
  grounding refcoco_192 0.2s
  grounding refcoco_193 0.2s
  grounding refcoco_194 0.2s
  grounding refcoco_195 0.2s
  grounding refcoco_196 0.2s
  grounding refcoco_199 0.2s
  grounding refcoco_202 0.2s
  grounding refcoco_203 0.2s
  grounding refcoco_204 0.2s
  grounding refcoco_206 0.2s
  grounding refcoco_208 0.2s
  grounding refcoco_209 0.2s
  grounding refcoco_212 0.2s
  grounding refcoco_215 0.2s
  grounding refcoco_218 0.2s
  grounding refcoco_220 0.2s
  grounding refcoco_222 0.2s
  grounding refcoco_223 0.2s
  grounding refcoco_224 0.2s
  grounding refcoco_225 0.2s
  grounding refcoco_226 0.2s
  grounding refcoco_227 0.2s
  grounding refcoco_228 0.2s
  grounding refcoco_231 0.2s
  grounding refcoco_234 0.2s
  grounding refcoco_241 0.2s
  grounding refcoco_242 0.2s
  grounding refcoco_244 0.2s
  grounding refcoco_245 0.2s
  grounding refcoco_246 0.2s
  grounding refcoco_247 0.2s
  grounding refcoco_248 0.2s
  grounding refcoco_249 0.2s
  grounding refcoco_253 0.2s
  grounding refcoco_254 0.2s
  grounding refcoco_256 0.2s
  grounding refcoco_265 0.2s
  grounding refcoco_266 0.2s
  grounding refcoco_267 0.2s
  grounding refcoco_275 0.2s
  grounding refcoco_277 0.2s
  grounding refcoco_280 0.2s
  grounding refcoco_281 0.2s
  grounding refcoco_282 0.2s
  grounding refcoco_285 0.2s
  grounding refcoco_286 0.2s
  grounding refcoco_287 0.2s
  grounding refcoco_288 0.2s
  grounding refcoco_290 0.2s
  grounding refcoco_294 0.2s
  grounding refcoco_297 0.2s
  grounding refcoco_298 0.2s
  grounding refcoco_300 0.2s
  grounding refcoco_308 0.2s
  grounding refcoco_309 0.2s
  grounding refcoco_310 0.2s
  grounding refcoco_311 0.2s
  grounding refcoco_317 0.2s
  grounding refcoco_318 0.2s
  grounding refcoco_319 0.2s
  grounding refcoco_323 0.2s
  grounding refcoco_324 0.2s
  grounding refcoco_327 0.2s
  grounding refcoco_329 0.2s
  grounding refcoco_330 0.2s
  grounding refcoco_332 0.2s
  grounding refcoco_333 0.2s
  grounding refcoco_334 0.2s
  grounding refcoco_335 0.2s
  grounding refcoco_338 0.2s
  grounding refcoco_340 0.2s
  grounding refcoco_341 0.2s
  grounding refcoco_342 0.2s
  grounding refcoco_343 0.3s
  grounding refcoco_348 0.2s
  grounding refcoco_350 0.2s
  grounding refcoco_358 0.3s
  grounding refcoco_359 0.3s
  grounding refcoco_360 0.3s
  grounding refcoco_362 0.2s
  grounding refcoco_364 0.2s
  grounding refcoco_365 0.2s
  grounding refcoco_366 0.2s
  grounding refcoco_367 0.2s
  grounding refcoco_373 0.2s
  grounding refcoco_374 0.2s
  grounding refcoco_376 0.2s
  grounding refcoco_379 0.2s
  grounding refcoco_380 0.2s
  grounding refcoco_383 0.2s
  grounding refcoco_387 0.2s
  grounding refcoco_394 0.2s
  grounding refcoco_397 0.2s
  grounding refcoco_399 0.2s
  grounding refcoco_400 0.2s
  grounding refcoco_404 0.2s
  grounding refcoco_405 0.2s
  grounding refcoco_406 0.2s
  grounding refcoco_408 0.2s
  grounding refcoco_409 0.3s
  grounding refcoco_411 0.2s
  grounding refcoco_414 0.2s
  grounding refcoco_418 0.2s
  grounding refcoco_419 0.2s
  grounding refcoco_422 0.2s
  grounding refcoco_424 0.2s
  grounding refcoco_425 0.2s
  grounding refcoco_427 0.2s
  grounding refcoco_428 0.2s
  grounding refcoco_429 0.2s
  grounding refcoco_430 0.2s
  grounding refcoco_433 0.2s
  grounding refcoco_434 0.2s
  grounding refcoco_435 0.2s
  grounding refcoco_436 0.2s
  grounding refcoco_441 0.2s
  grounding refcoco_444 0.2s
  grounding refcoco_446 0.2s
  grounding refcoco_452 0.2s
  grounding refcoco_453 0.2s
  grounding refcoco_454 0.2s
  grounding refcoco_455 0.2s
  grounding refcoco_456 0.2s
  grounding refcoco_457 0.2s
  grounding refcoco_458 0.2s
  grounding refcoco_461 0.3s
  grounding refcoco_462 0.3s
  grounding refcoco_465 0.3s
  grounding refcoco_467 0.3s
  grounding refcoco_468 0.2s
  grounding refcoco_469 0.2s
  grounding refcoco_478 0.2s
  grounding refcoco_480 0.2s
  grounding refcoco_481 0.2s
  grounding refcoco_482 0.2s
  grounding refcoco_483 0.2s
  grounding refcoco_487 0.2s
  grounding refcoco_488 0.2s
  grounding refcoco_490 0.2s
  grounding refcoco_493 0.2s
  grounding refcoco_495 0.2s
  grounding refcoco_496 0.2s
  grounding refcoco_497 0.2s
  grounding refcoco_498 0.2s
  grounding refcoco_501 0.2s
  grounding refcoco_504 0.2s
  grounding refcoco_505 0.2s
  grounding refcoco_506 0.2s
  grounding refcoco_513 0.2s
  grounding refcoco_515 0.2s
  grounding refcoco_516 0.2s
  grounding refcoco_520 0.2s
  grounding refcoco_523 0.2s
  grounding refcoco_526 0.2s
  grounding refcoco_533 0.2s
  grounding refcoco_534 0.2s
  grounding refcoco_537 0.2s
  grounding refcoco_539 0.2s
  grounding refcoco_540 0.2s
  grounding refcoco_542 0.2s
  grounding refcoco_544 0.2s
  grounding refcoco_545 0.2s
  grounding refcoco_546 0.2s
  grounding refcoco_547 0.2s
  grounding refcoco_551 0.2s
  grounding refcoco_553 0.3s
  grounding refcoco_556 0.2s
  grounding refcoco_557 0.2s
  grounding refcoco_559 0.2s
  grounding refcoco_560 0.2s
  grounding refcoco_561 0.2s
  grounding refcoco_564 0.2s
  grounding refcoco_565 0.2s
  grounding refcoco_567 0.2s
  grounding refcoco_569 0.2s
  grounding refcoco_573 0.3s
  grounding refcoco_574 0.3s
  grounding refcoco_575 0.2s
  grounding refcoco_581 0.2s
  grounding refcoco_582 0.2s
  grounding refcoco_583 0.2s
  grounding refcoco_585 0.2s
  grounding refcoco_587 0.2s
  grounding refcoco_589 0.2s
  grounding refcoco_593 0.2s
  grounding refcoco_594 0.2s
  grounding refcoco_596 0.3s
  grounding refcoco_597 0.2s
  grounding refcoco_601 0.2s
  grounding refcoco_603 0.2s
  grounding refcoco_604 0.2s
  grounding refcoco_606 0.2s
  grounding refcoco_607 0.2s
  grounding refcoco_610 0.2s
  grounding refcoco_613 0.2s
  grounding refcoco_616 0.2s
  grounding refcoco_617 0.2s
  grounding refcoco_618 0.2s
  grounding refcoco_620 0.2s
  grounding refcoco_623 0.2s
  grounding refcoco_624 0.2s
  grounding refcoco_625 0.2s
  grounding refcoco_626 0.2s
  grounding refcoco_627 0.2s
  grounding refcoco_628 0.2s
  grounding refcoco_630 0.2s
  grounding refcoco_633 0.2s
  grounding refcoco_634 0.2s
  grounding refcoco_640 0.2s
  grounding refcoco_641 0.2s
  grounding refcoco_642 0.2s
  grounding refcoco_643 0.2s
  grounding refcoco_645 0.2s
  grounding refcoco_648 0.2s
  grounding refcoco_649 0.2s
  grounding refcoco_652 0.2s
  grounding refcoco_654 0.2s
  grounding refcoco_655 0.2s
  grounding refcoco_656 0.2s
  grounding refcoco_667 0.2s
  grounding refcoco_669 0.2s
  grounding refcoco_670 0.2s
  grounding refcoco_671 0.2s
  grounding refcoco_672 0.2s
  grounding refcoco_675 0.2s
  grounding refcoco_676 0.2s
  grounding refcoco_677 0.2s
  grounding refcoco_680 0.2s
  grounding refcoco_683 0.2s
  grounding refcoco_684 0.2s
  grounding refcoco_686 0.2s
  grounding refcoco_688 0.2s
  grounding refcoco_689 0.2s
  grounding refcoco_690 0.2s
  grounding refcoco_691 0.2s
  grounding refcoco_692 0.2s
  grounding refcoco_693 0.2s
  grounding refcoco_694 0.2s
  grounding refcoco_695 0.2s
  grounding refcoco_696 0.2s
  grounding refcoco_697 0.2s
  grounding refcoco_698 0.2s
  grounding refcoco_700 0.2s
  grounding refcoco_703 0.2s
  grounding refcoco_704 0.2s
  grounding refcoco_707 0.2s
  grounding refcoco_710 0.2s
  grounding refcoco_711 0.2s
  grounding refcoco_713 0.2s
  grounding refcoco_714 0.2s
  grounding refcoco_716 0.2s
  grounding refcoco_717 0.3s
  grounding refcoco_718 0.3s
  grounding refcoco_719 0.3s
  grounding refcoco_720 0.3s
  grounding refcoco_721 0.3s
  grounding refcoco_722 0.2s
  grounding refcoco_724 0.2s
  grounding refcoco_727 0.3s
  grounding refcoco_728 0.2s
  grounding refcoco_729 0.2s
  grounding refcoco_730 0.2s
  grounding refcoco_731 0.2s
  grounding refcoco_734 0.3s
  grounding refcoco_736 0.2s
  grounding refcoco_737 0.2s
  grounding refcoco_739 0.3s
  grounding refcoco_740 0.3s
  grounding refcoco_744 0.2s
  grounding refcoco_745 0.2s
  grounding refcoco_746 0.2s
  grounding refcoco_747 0.2s
  grounding refcoco_748 0.2s
  grounding refcoco_749 0.2s
  grounding refcoco_752 0.2s
  grounding refcoco_754 0.2s
  grounding refcoco_755 0.2s
  grounding refcoco_759 0.2s
  grounding refcoco_761 0.2s
  grounding refcoco_762 0.2s
  grounding refcoco_763 0.2s
  grounding refcoco_766 0.2s
  grounding refcoco_767 0.3s
  grounding refcoco_770 0.2s
  grounding refcoco_771 0.2s
  grounding refcoco_773 0.2s
  grounding refcoco_774 0.2s
  grounding refcoco_775 0.2s
  grounding refcoco_776 0.2s
  grounding refcoco_777 0.2s
  grounding refcoco_779 0.2s
  grounding refcoco_785 0.2s
  grounding refcoco_790 0.2s
  grounding refcoco_795 0.2s
  grounding refcoco_798 0.2s
  grounding refcoco_799 0.2s
  ocr_synth ocr_0 0.2s
  ocr_synth ocr_1 0.2s
  ocr_synth ocr_2 0.2s
  ocr_synth ocr_3 0.2s
  ocr_synth ocr_4 0.2s
  ocr_synth ocr_5 0.2s
  ocr_synth ocr_6 0.2s
  ocr_synth ocr_7 0.2s
  ocr_synth ocr_8 0.2s
  ocr_synth ocr_9 0.2s
  ocr_synth ocr_10 0.2s
  ocr_synth ocr_11 0.2s
  ocr_synth ocr_12 0.2s
  ocr_synth ocr_13 0.2s
  ocr_synth ocr_14 0.2s
  ocr_synth ocr_15 0.2s
  ocr_synth ocr_16 0.2s
  ocr_synth ocr_17 0.2s
  ocr_synth ocr_18 0.2s
  ocr_synth ocr_19 0.2s
  ocr_synth ocr_20 0.2s
  ocr_synth ocr_21 0.2s
  ocr_synth ocr_22 0.2s
  ocr_synth ocr_23 0.2s
  ocr_synth ocr_24 0.2s
  ocr_synth ocr_25 0.2s
  ocr_synth ocr_26 0.2s
  ocr_synth ocr_27 0.2s
  ocr_synth ocr_28 0.2s
  ocr_synth ocr_29 0.2s
  ocr_synth ocr_30 0.2s
  ocr_synth ocr_31 0.2s
  ocr_synth ocr_32 0.2s
  ocr_synth ocr_33 0.2s
  ocr_synth ocr_34 0.2s
  ocr_synth ocr_35 0.2s
  ocr_synth ocr_36 0.2s
  ocr_synth ocr_37 0.2s
  ocr_synth ocr_38 0.2s
  ocr_synth ocr_39 0.2s
  ocr_synth ocr_40 0.2s
  ocr_synth ocr_41 0.2s
  ocr_synth ocr_42 0.2s
  ocr_synth ocr_43 0.2s
  ocr_synth ocr_44 0.2s
  ocr_synth ocr_45 0.2s
  ocr_synth ocr_46 0.2s
  ocr_synth ocr_47 0.2s
  ocr_synth ocr_48 0.2s
  ocr_synth ocr_49 0.2s
  ocr_synth ocr_50 0.2s
  ocr_synth ocr_51 0.2s
  ocr_synth ocr_52 0.2s
  ocr_synth ocr_53 0.2s
  ocr_synth ocr_54 0.2s
  ocr_synth ocr_55 0.2s
  ocr_synth ocr_56 0.2s
  ocr_synth ocr_57 0.2s
  ocr_synth ocr_58 0.2s
  ocr_synth ocr_59 0.2s
  ocr_synth ocr_60 0.2s
  ocr_synth ocr_61 0.2s
  ocr_synth ocr_62 0.2s
  ocr_synth ocr_63 0.2s
  ocr_synth ocr_64 0.2s
  ocr_synth ocr_65 0.2s
  ocr_synth ocr_66 0.2s
  ocr_synth ocr_67 0.2s
  ocr_synth ocr_68 0.2s
  ocr_synth ocr_69 0.2s
  ocr_synth ocr_70 0.2s
  ocr_synth ocr_71 0.2s
  ocr_synth ocr_72 0.2s
  ocr_synth ocr_73 0.2s
  ocr_synth ocr_74 0.2s
  ocr_synth ocr_75 0.2s
  ocr_synth ocr_76 0.2s
  ocr_synth ocr_77 0.2s
  ocr_synth ocr_78 0.2s
  ocr_synth ocr_79 0.2s
  ocr_synth ocr_80 0.2s
  ocr_synth ocr_81 0.2s
  ocr_synth ocr_82 0.2s
  ocr_synth ocr_83 0.2s
  ocr_synth ocr_84 0.2s
  ocr_synth ocr_85 0.2s
  ocr_synth ocr_86 0.2s
  ocr_synth ocr_87 0.2s
  ocr_synth ocr_88 0.2s
  ocr_synth ocr_89 0.2s
  ocr_synth ocr_90 0.2s
  ocr_synth ocr_91 0.2s
  ocr_synth ocr_92 0.2s
  ocr_synth ocr_93 0.2s
  ocr_synth ocr_94 0.2s
  ocr_synth ocr_95 0.2s
  ocr_synth ocr_96 0.2s
  ocr_synth ocr_97 0.2s
  ocr_synth ocr_98 0.2s
  ocr_synth ocr_99 0.2s
  ocr_synth ocr_100 0.2s
  ocr_synth ocr_101 0.2s
  ocr_synth ocr_102 0.2s
  ocr_synth ocr_103 0.2s
  ocr_synth ocr_104 0.2s
  ocr_synth ocr_105 0.2s
  ocr_synth ocr_106 0.2s
  ocr_synth ocr_107 0.2s
  ocr_synth ocr_108 0.2s
  ocr_synth ocr_109 0.2s
  ocr_synth ocr_110 0.2s
  ocr_synth ocr_111 0.2s
  ocr_synth ocr_112 0.2s
  ocr_synth ocr_113 0.2s
  ocr_synth ocr_114 0.2s
  ocr_synth ocr_115 0.2s
  ocr_synth ocr_116 0.2s
  ocr_synth ocr_117 0.2s
  ocr_synth ocr_118 0.2s
  ocr_synth ocr_119 0.2s
  ocr_synth ocr_120 0.2s
  ocr_synth ocr_121 0.2s
  ocr_synth ocr_122 0.2s
  ocr_synth ocr_123 0.2s
  ocr_synth ocr_124 0.2s
  ocr_synth ocr_125 0.2s
  ocr_synth ocr_126 0.2s
  ocr_synth ocr_127 0.2s
  ocr_synth ocr_128 0.2s
  ocr_synth ocr_129 0.2s
  ocr_synth ocr_130 0.2s
  ocr_synth ocr_131 0.2s
  ocr_synth ocr_132 0.2s
  ocr_synth ocr_133 0.2s
  ocr_synth ocr_134 0.2s
  ocr_synth ocr_135 0.2s
  ocr_synth ocr_136 0.2s
  ocr_synth ocr_137 0.2s
  ocr_synth ocr_138 0.2s
  ocr_synth ocr_139 0.2s
  ocr_synth ocr_140 0.2s
  ocr_synth ocr_141 0.2s
  ocr_synth ocr_142 0.2s
  ocr_synth ocr_143 0.2s
  ocr_synth ocr_144 0.2s
  ocr_synth ocr_145 0.2s
  ocr_synth ocr_146 0.2s
  ocr_synth ocr_147 0.2s
  ocr_synth ocr_148 0.2s
  ocr_synth ocr_149 0.2s
  ocr_synth ocr_150 0.2s
  ocr_synth ocr_151 0.2s
  ocr_synth ocr_152 0.2s
  ocr_synth ocr_153 0.2s
  ocr_synth ocr_154 0.2s
  ocr_synth ocr_155 0.2s
  ocr_synth ocr_156 0.2s
  ocr_synth ocr_157 0.2s
  ocr_synth ocr_158 0.1s
  ocr_synth ocr_159 0.1s
  ocr_synth ocr_160 0.1s
  ocr_synth ocr_161 0.2s
  ocr_synth ocr_162 0.2s
  ocr_synth ocr_163 0.1s
  ocr_synth ocr_164 0.1s
  ocr_synth ocr_165 0.2s
  ocr_synth ocr_166 0.1s
  ocr_synth ocr_167 0.1s
  ocr_synth ocr_168 0.2s
  ocr_synth ocr_169 0.2s
  ocr_synth ocr_170 0.1s
  ocr_synth ocr_171 0.1s
  ocr_synth ocr_172 0.1s
  ocr_synth ocr_173 0.1s
  ocr_synth ocr_174 0.1s
  ocr_synth ocr_175 0.1s
  ocr_synth ocr_176 0.1s
  ocr_synth ocr_177 0.1s
  ocr_synth ocr_178 0.2s
  ocr_synth ocr_179 0.2s
  ocr_synth ocr_180 0.2s
  ocr_synth ocr_181 0.2s
  ocr_synth ocr_182 0.2s
  ocr_synth ocr_183 0.2s
  ocr_synth ocr_184 0.2s
  ocr_synth ocr_185 0.2s
  ocr_synth ocr_186 0.2s
  ocr_synth ocr_187 0.2s
  ocr_synth ocr_188 0.2s
  ocr_synth ocr_189 0.2s
  ocr_synth ocr_190 0.2s
  ocr_synth ocr_191 0.2s
  ocr_synth ocr_192 0.2s
  ocr_synth ocr_193 0.2s
  ocr_synth ocr_194 0.2s
  ocr_synth ocr_195 0.2s
  ocr_synth ocr_196 0.2s
  ocr_synth ocr_197 0.2s
  ocr_synth ocr_198 0.2s
  ocr_synth ocr_199 0.2s
  ocr_synth ocr_200 0.2s
  ocr_synth ocr_201 0.2s
  ocr_synth ocr_202 0.2s
  ocr_synth ocr_203 0.2s
  ocr_synth ocr_204 0.2s
  ocr_synth ocr_205 0.2s
  ocr_synth ocr_206 0.2s
  ocr_synth ocr_207 0.2s
  ocr_synth ocr_208 0.2s
  ocr_synth ocr_209 0.2s
  ocr_synth ocr_210 0.2s
  ocr_synth ocr_211 0.2s
  ocr_synth ocr_212 0.2s
  ocr_synth ocr_213 0.2s
  ocr_synth ocr_214 0.2s
  ocr_synth ocr_215 0.2s
  ocr_synth ocr_216 0.2s
  ocr_synth ocr_217 0.2s
  ocr_synth ocr_218 0.2s
  ocr_synth ocr_219 0.2s
  ocr_synth ocr_220 0.2s
  ocr_synth ocr_221 0.2s
  ocr_synth ocr_222 0.2s
  ocr_synth ocr_223 0.2s
  ocr_synth ocr_224 0.2s
  ocr_synth ocr_225 0.2s
  ocr_synth ocr_226 0.2s
  ocr_synth ocr_227 0.2s
  ocr_synth ocr_228 0.2s
  ocr_synth ocr_229 0.2s
  ocr_synth ocr_230 0.2s
  ocr_synth ocr_231 0.2s
  ocr_synth ocr_232 0.2s
  ocr_synth ocr_233 0.2s
  ocr_synth ocr_234 0.2s
  ocr_synth ocr_235 0.2s
  ocr_synth ocr_236 0.2s
  ocr_synth ocr_237 0.2s
  ocr_synth ocr_238 0.2s
  ocr_synth ocr_239 0.2s
  ocr_synth ocr_240 0.2s
  ocr_synth ocr_241 0.2s
  ocr_synth ocr_242 0.2s
  ocr_synth ocr_243 0.2s
  ocr_synth ocr_244 0.2s
  ocr_synth ocr_245 0.2s
  ocr_synth ocr_246 0.2s
  ocr_synth ocr_247 0.2s
  ocr_synth ocr_248 0.2s
  ocr_synth ocr_249 0.2s
  ocr_synth ocr_250 0.2s
  ocr_synth ocr_251 0.2s
  ocr_synth ocr_252 0.2s
  ocr_synth ocr_253 0.2s
  ocr_synth ocr_254 0.2s
  ocr_synth ocr_255 0.2s
  ocr_synth ocr_256 0.2s
  ocr_synth ocr_257 0.2s
  ocr_synth ocr_258 0.2s
  ocr_synth ocr_259 0.2s
  ocr_synth ocr_260 0.2s
  ocr_synth ocr_261 0.2s
  ocr_synth ocr_262 0.2s
  ocr_synth ocr_263 0.2s
  ocr_synth ocr_264 0.2s
  ocr_synth ocr_265 0.2s
  ocr_synth ocr_266 0.2s
  ocr_synth ocr_267 0.2s
  ocr_synth ocr_268 0.2s
  ocr_synth ocr_269 0.2s
  ocr_synth ocr_270 0.2s
  ocr_synth ocr_271 0.2s
  ocr_synth ocr_272 0.2s
  ocr_synth ocr_273 0.2s
  ocr_synth ocr_274 0.2s
  ocr_synth ocr_275 0.2s
  ocr_synth ocr_276 0.2s
  ocr_synth ocr_277 0.2s
  ocr_synth ocr_278 0.2s
  ocr_synth ocr_279 0.2s
  ocr_synth ocr_280 0.2s
  ocr_synth ocr_281 0.2s
  ocr_synth ocr_282 0.2s
  ocr_synth ocr_283 0.2s
  ocr_synth ocr_284 0.2s
  ocr_synth ocr_285 0.2s
  ocr_synth ocr_286 0.2s
  ocr_synth ocr_287 0.2s
  ocr_synth ocr_288 0.2s
  ocr_synth ocr_289 0.2s
  ocr_synth ocr_290 0.2s
  ocr_synth ocr_291 0.2s
  ocr_synth ocr_292 0.2s
  ocr_synth ocr_293 0.2s
  ocr_synth ocr_294 0.2s
  ocr_synth ocr_295 0.2s
  ocr_synth ocr_296 0.2s
  ocr_synth ocr_297 0.2s
  ocr_synth ocr_298 0.2s
  ocr_synth ocr_299 0.2s
  ocr_synth ocr_300 0.2s
  ocr_synth ocr_301 0.2s
  ocr_synth ocr_302 0.2s
  ocr_synth ocr_303 0.2s
  ocr_synth ocr_304 0.2s
  ocr_synth ocr_305 0.2s
  ocr_synth ocr_306 0.2s
  ocr_synth ocr_307 0.2s
  ocr_synth ocr_308 0.2s
  ocr_synth ocr_309 0.2s
  ocr_synth ocr_310 0.2s
  ocr_synth ocr_311 0.2s
  ocr_synth ocr_312 0.2s
  ocr_synth ocr_313 0.2s
  ocr_synth ocr_314 0.2s
  ocr_synth ocr_315 0.2s
  ocr_synth ocr_316 0.2s
  ocr_synth ocr_317 0.2s
  ocr_synth ocr_318 0.2s
  ocr_synth ocr_319 0.2s
  ocr_synth ocr_320 0.2s
  ocr_synth ocr_321 0.2s
  ocr_synth ocr_322 0.2s
  ocr_synth ocr_323 0.2s
  ocr_synth ocr_324 0.2s
  ocr_synth ocr_325 0.2s
  ocr_synth ocr_326 0.2s
  ocr_synth ocr_327 0.2s
  ocr_synth ocr_328 0.2s
  ocr_synth ocr_329 0.2s
  ocr_synth ocr_330 0.2s
  ocr_synth ocr_331 0.2s
  ocr_synth ocr_332 0.2s
  ocr_synth ocr_333 0.2s
  ocr_synth ocr_334 0.2s
  ocr_synth ocr_335 0.2s
  ocr_synth ocr_336 0.2s
  ocr_synth ocr_337 0.2s
  ocr_synth ocr_338 0.2s
  ocr_synth ocr_339 0.2s
  ocr_synth ocr_340 0.2s
  ocr_synth ocr_341 0.2s
  ocr_synth ocr_342 0.2s
  ocr_synth ocr_343 0.2s
  ocr_synth ocr_344 0.2s
  ocr_synth ocr_345 0.2s
  ocr_synth ocr_346 0.2s
  ocr_synth ocr_347 0.2s
  ocr_synth ocr_348 0.2s
  ocr_synth ocr_349 0.2s
  ocr_synth ocr_350 0.2s
  ocr_synth ocr_351 0.2s
  ocr_synth ocr_352 0.2s
  ocr_synth ocr_353 0.2s
  ocr_synth ocr_354 0.2s
  ocr_synth ocr_355 0.2s
  ocr_synth ocr_356 0.2s
  ocr_synth ocr_357 0.2s
  ocr_synth ocr_358 0.2s
  ocr_synth ocr_359 0.2s
  ocr_synth ocr_360 0.2s
  ocr_synth ocr_361 0.2s
  ocr_synth ocr_362 0.2s
  ocr_synth ocr_363 0.2s
  ocr_synth ocr_364 0.2s
  ocr_synth ocr_365 0.2s
  ocr_synth ocr_366 0.2s
  ocr_synth ocr_367 0.2s
  ocr_synth ocr_368 0.2s
  ocr_synth ocr_369 0.2s
  ocr_synth ocr_370 0.2s
  ocr_synth ocr_371 0.2s
  ocr_synth ocr_372 0.2s
  ocr_synth ocr_373 0.2s
  ocr_synth ocr_374 0.2s
  ocr_synth ocr_375 0.2s
  ocr_synth ocr_376 0.2s
  ocr_synth ocr_377 0.2s
  ocr_synth ocr_378 0.2s
  ocr_synth ocr_379 0.2s
  ocr_synth ocr_380 0.2s
  ocr_synth ocr_381 0.2s
  ocr_synth ocr_382 0.2s
  ocr_synth ocr_383 0.2s
  ocr_synth ocr_384 0.2s
  ocr_synth ocr_385 0.2s
  ocr_synth ocr_386 0.2s
  ocr_synth ocr_387 0.2s
  ocr_synth ocr_388 0.2s
  ocr_synth ocr_389 0.2s
  ocr_synth ocr_390 0.2s
  ocr_synth ocr_391 0.2s
  ocr_synth ocr_392 0.2s
  ocr_synth ocr_393 0.2s
  ocr_synth ocr_394 0.2s
  ocr_synth ocr_395 0.2s
  ocr_synth ocr_396 0.2s
  ocr_synth ocr_397 0.2s
  ocr_synth ocr_398 0.2s
  ocr_synth ocr_399 0.2s
Traceback (most recent call last):
  File "/data/lab/CVPR2027_LLM/scripts/run_probes.py", line 263, in <module>
    main()
  File "/data/lab/CVPR2027_LLM/scripts/run_probes.py", line 249, in main
    run_occlusion(wrapper, samples, out)
  File "/data/lab/CVPR2027_LLM/scripts/run_probes.py", line 126, in run_occlusion
    occ = occlude_sample(s)
  File "/data/lab/CVPR2027_LLM/scripts/../src/headatlas/probes/synthetic.py", line 79, in occlude_sample
    arr[y1:y2, x1:x2, :] = fill
ValueError: assignment destination is read-only
[2026-09-22 10:27:36] waiting for data/.prepped
[2026-09-22 10:27:36] data ready; starting branch for Qwen/Qwen2.5-VL-7B-Instruct on cuda:0
[2026-09-22 10:27:36] STAGE probes (synth_grounding,ocr_synth,sink,grounding,cond,occlusion,pope, max_samples=400)
Warning: You are sending unauthenticated requests to the HF Hub. Please set a HF_TOKEN to enable higher rate limits and faster downloads.
Fetching 5 files:   0%|          | 0/5 [00:00<?, ?it/s]Fetching 5 files: 100%|██████████| 5/5 [00:00<00:00, 736.41it/s]
Loading weights:   0%|          | 0/729 [00:00<?, ?it/s]Loading weights:  47%|████▋     | 340/729 [00:00<00:00, 3394.39it/s]Loading weights:  93%|█████████▎| 680/729 [00:00<00:00, 3235.29it/s]Loading weights: 100%|██████████| 729/729 [00:00<00:00, 3257.64it/s]
model=Qwen/Qwen2.5-VL-7B-Instruct layers=28 heads=28 family=qwen2.5vl
  synth_grounding sq_0 0.8s
  synth_grounding sq_1 0.2s
  synth_grounding sq_2 0.1s
  synth_grounding sq_3 0.1s
  synth_grounding sq_4 0.2s
  synth_grounding sq_5 0.2s
  synth_grounding sq_6 0.1s
  synth_grounding sq_7 0.2s
  synth_grounding sq_8 0.2s
  synth_grounding sq_9 0.2s
  synth_grounding sq_10 0.1s
  synth_grounding sq_11 0.1s
  synth_grounding sq_12 0.2s
  synth_grounding sq_13 0.2s
  synth_grounding sq_14 0.2s
  synth_grounding sq_15 0.2s
  synth_grounding sq_16 0.1s
  synth_grounding sq_17 0.2s
  synth_grounding sq_18 0.2s
  synth_grounding sq_19 0.2s
  synth_grounding sq_20 0.2s
  synth_grounding sq_21 0.2s
  synth_grounding sq_22 0.2s
  synth_grounding sq_23 0.2s
  synth_grounding sq_24 0.2s
  synth_grounding sq_25 0.2s
  synth_grounding sq_26 0.2s
  synth_grounding sq_27 0.2s
  synth_grounding sq_28 0.2s
  synth_grounding sq_29 0.2s
  synth_grounding sq_30 0.2s
  synth_grounding sq_31 0.2s
  synth_grounding sq_32 0.2s
  synth_grounding sq_33 0.2s
  synth_grounding sq_34 0.2s
  synth_grounding sq_35 0.2s
  synth_grounding sq_36 0.2s
  synth_grounding sq_37 0.2s
  synth_grounding sq_38 0.2s
  synth_grounding sq_39 0.2s
  synth_grounding sq_40 0.2s
  synth_grounding sq_41 0.2s
  synth_grounding sq_42 0.2s
  synth_grounding sq_43 0.2s
  synth_grounding sq_44 0.2s
  synth_grounding sq_45 0.2s
  synth_grounding sq_46 0.2s
  synth_grounding sq_47 0.2s
  synth_grounding sq_48 0.2s
  synth_grounding sq_49 0.2s
  synth_grounding sq_50 0.2s
  synth_grounding sq_51 0.2s
  synth_grounding sq_52 0.2s
  synth_grounding sq_53 0.2s
  synth_grounding sq_54 0.2s
  synth_grounding sq_55 0.2s
  synth_grounding sq_56 0.2s
  synth_grounding sq_57 0.2s
  synth_grounding sq_58 0.2s
  synth_grounding sq_59 0.2s
  synth_grounding sq_60 0.2s
  synth_grounding sq_61 0.2s
  synth_grounding sq_62 0.2s
  synth_grounding sq_63 0.2s
  synth_grounding sq_64 0.2s
  synth_grounding sq_65 0.2s
  synth_grounding sq_66 0.2s
  synth_grounding sq_67 0.2s
  synth_grounding sq_68 0.2s
  synth_grounding sq_69 0.2s
  synth_grounding sq_70 0.2s
  synth_grounding sq_71 0.2s
  synth_grounding sq_72 0.2s
  synth_grounding sq_73 0.2s
  synth_grounding sq_74 0.2s
  synth_grounding sq_75 0.2s
  synth_grounding sq_76 0.2s
  synth_grounding sq_77 0.2s
  synth_grounding sq_78 0.2s
  synth_grounding sq_79 0.2s
  synth_grounding sq_80 0.2s
  synth_grounding sq_81 0.2s
  synth_grounding sq_82 0.2s
  synth_grounding sq_83 0.2s
  synth_grounding sq_84 0.2s
  synth_grounding sq_85 0.2s
  synth_grounding sq_86 0.2s
  synth_grounding sq_87 0.2s
  synth_grounding sq_88 0.2s
  synth_grounding sq_89 0.2s
  synth_grounding sq_90 0.2s
  synth_grounding sq_91 0.2s
  synth_grounding sq_92 0.2s
  synth_grounding sq_93 0.2s
  synth_grounding sq_94 0.2s
  synth_grounding sq_95 0.2s
  synth_grounding sq_96 0.2s
  synth_grounding sq_97 0.2s
  synth_grounding sq_98 0.2s
  synth_grounding sq_99 0.2s
  synth_grounding sq_100 0.2s
  synth_grounding sq_101 0.2s
  synth_grounding sq_102 0.2s
  synth_grounding sq_103 0.2s
  synth_grounding sq_104 0.2s
  synth_grounding sq_105 0.2s
  synth_grounding sq_106 0.2s
  synth_grounding sq_107 0.2s
  synth_grounding sq_108 0.2s
  synth_grounding sq_109 0.2s
  synth_grounding sq_110 0.2s
  synth_grounding sq_111 0.2s
  synth_grounding sq_112 0.2s
  synth_grounding sq_113 0.2s
  synth_grounding sq_114 0.2s
  synth_grounding sq_115 0.2s
  synth_grounding sq_116 0.2s
  synth_grounding sq_117 0.2s
  synth_grounding sq_118 0.2s
  synth_grounding sq_119 0.2s
  synth_grounding sq_120 0.2s
  synth_grounding sq_121 0.2s
  synth_grounding sq_122 0.2s
  synth_grounding sq_123 0.2s
  synth_grounding sq_124 0.2s
  synth_grounding sq_125 0.2s
  synth_grounding sq_126 0.2s
  synth_grounding sq_127 0.2s
  synth_grounding sq_128 0.2s
  synth_grounding sq_129 0.2s
  synth_grounding sq_130 0.2s
  synth_grounding sq_131 0.2s
  synth_grounding sq_132 0.2s
  synth_grounding sq_133 0.2s
  synth_grounding sq_134 0.2s
  synth_grounding sq_135 0.2s
  synth_grounding sq_136 0.2s
  synth_grounding sq_137 0.2s
  synth_grounding sq_138 0.2s
  synth_grounding sq_139 0.2s
  synth_grounding sq_140 0.2s
  synth_grounding sq_141 0.2s
  synth_grounding sq_142 0.2s
  synth_grounding sq_143 0.2s
  synth_grounding sq_144 0.2s
  synth_grounding sq_145 0.2s
  synth_grounding sq_146 0.2s
  synth_grounding sq_147 0.2s
  synth_grounding sq_148 0.2s
  synth_grounding sq_149 0.2s
  synth_grounding sq_150 0.2s
  synth_grounding sq_151 0.2s
  synth_grounding sq_152 0.2s
  synth_grounding sq_153 0.2s
  synth_grounding sq_154 0.2s
  synth_grounding sq_155 0.2s
  synth_grounding sq_156 0.2s
  synth_grounding sq_157 0.2s
  synth_grounding sq_158 0.2s
  synth_grounding sq_159 0.2s
  synth_grounding sq_160 0.2s
  synth_grounding sq_161 0.2s
  synth_grounding sq_162 0.2s
  synth_grounding sq_163 0.2s
  synth_grounding sq_164 0.2s
  synth_grounding sq_165 0.2s
  synth_grounding sq_166 0.2s
  synth_grounding sq_167 0.2s
  synth_grounding sq_168 0.2s
  synth_grounding sq_169 0.2s
  synth_grounding sq_170 0.2s
  synth_grounding sq_171 0.2s
  synth_grounding sq_172 0.2s
  synth_grounding sq_173 0.2s
  synth_grounding sq_174 0.2s
  synth_grounding sq_175 0.2s
  synth_grounding sq_176 0.2s
  synth_grounding sq_177 0.2s
  synth_grounding sq_178 0.2s
  synth_grounding sq_179 0.2s
  synth_grounding sq_180 0.2s
  synth_grounding sq_181 0.2s
  synth_grounding sq_182 0.2s
  synth_grounding sq_183 0.2s
  synth_grounding sq_184 0.2s
  synth_grounding sq_185 0.2s
  synth_grounding sq_186 0.2s
  synth_grounding sq_187 0.2s
  synth_grounding sq_188 0.2s
  synth_grounding sq_189 0.2s
  synth_grounding sq_190 0.2s
  synth_grounding sq_191 0.2s
  synth_grounding sq_192 0.2s
  synth_grounding sq_193 0.2s
  synth_grounding sq_194 0.2s
  synth_grounding sq_195 0.2s
  synth_grounding sq_196 0.2s
  synth_grounding sq_197 0.2s
  synth_grounding sq_198 0.2s
  synth_grounding sq_199 0.2s
  synth_grounding sq_200 0.2s
  synth_grounding sq_201 0.2s
  synth_grounding sq_202 0.2s
  synth_grounding sq_203 0.2s
  synth_grounding sq_204 0.2s
  synth_grounding sq_205 0.2s
  synth_grounding sq_206 0.2s
  synth_grounding sq_207 0.2s
  synth_grounding sq_208 0.2s
  synth_grounding sq_209 0.2s
  synth_grounding sq_210 0.2s
  synth_grounding sq_211 0.2s
  synth_grounding sq_212 0.2s
  synth_grounding sq_213 0.2s
  synth_grounding sq_214 0.2s
  synth_grounding sq_215 0.2s
  synth_grounding sq_216 0.2s
  synth_grounding sq_217 0.2s
  synth_grounding sq_218 0.2s
  synth_grounding sq_219 0.2s
  synth_grounding sq_220 0.2s
  synth_grounding sq_221 0.2s
  synth_grounding sq_222 0.2s
  synth_grounding sq_223 0.2s
  synth_grounding sq_224 0.2s
  synth_grounding sq_225 0.2s
  synth_grounding sq_226 0.2s
  synth_grounding sq_227 0.2s
  synth_grounding sq_228 0.2s
  synth_grounding sq_229 0.2s
  synth_grounding sq_230 0.2s
  synth_grounding sq_231 0.2s
  synth_grounding sq_232 0.2s
  synth_grounding sq_233 0.2s
  synth_grounding sq_234 0.2s
  synth_grounding sq_235 0.2s
  synth_grounding sq_236 0.2s
  synth_grounding sq_237 0.2s
  synth_grounding sq_238 0.2s
  synth_grounding sq_239 0.2s
  synth_grounding sq_240 0.2s
  synth_grounding sq_241 0.2s
  synth_grounding sq_242 0.2s
  synth_grounding sq_243 0.2s
  synth_grounding sq_244 0.2s
  synth_grounding sq_245 0.2s
  synth_grounding sq_246 0.2s
  synth_grounding sq_247 0.2s
  synth_grounding sq_248 0.2s
  synth_grounding sq_249 0.2s
  synth_grounding sq_250 0.2s
  synth_grounding sq_251 0.2s
  synth_grounding sq_252 0.2s
  synth_grounding sq_253 0.2s
  synth_grounding sq_254 0.2s
  synth_grounding sq_255 0.2s
  synth_grounding sq_256 0.2s
  synth_grounding sq_257 0.2s
  synth_grounding sq_258 0.2s
  synth_grounding sq_259 0.2s
  synth_grounding sq_260 0.2s
  synth_grounding sq_261 0.2s
  synth_grounding sq_262 0.2s
  synth_grounding sq_263 0.2s
  synth_grounding sq_264 0.2s
  synth_grounding sq_265 0.2s
  synth_grounding sq_266 0.2s
  synth_grounding sq_267 0.2s
  synth_grounding sq_268 0.2s
  synth_grounding sq_269 0.2s
  synth_grounding sq_270 0.2s
  synth_grounding sq_271 0.2s
  synth_grounding sq_272 0.2s
  synth_grounding sq_273 0.2s
  synth_grounding sq_274 0.2s
  synth_grounding sq_275 0.2s
  synth_grounding sq_276 0.2s
  synth_grounding sq_277 0.2s
  synth_grounding sq_278 0.2s
  synth_grounding sq_279 0.2s
  synth_grounding sq_280 0.2s
  synth_grounding sq_281 0.2s
  synth_grounding sq_282 0.2s
  synth_grounding sq_283 0.2s
  synth_grounding sq_284 0.2s
  synth_grounding sq_285 0.2s
  synth_grounding sq_286 0.2s
  synth_grounding sq_287 0.2s
  synth_grounding sq_288 0.2s
  synth_grounding sq_289 0.2s
  synth_grounding sq_290 0.2s
  synth_grounding sq_291 0.2s
  synth_grounding sq_292 0.2s
  synth_grounding sq_293 0.2s
  synth_grounding sq_294 0.2s
  synth_grounding sq_295 0.2s
  synth_grounding sq_296 0.2s
  synth_grounding sq_297 0.2s
  synth_grounding sq_298 0.2s
  synth_grounding sq_299 0.2s
  synth_grounding sq_300 0.2s
  synth_grounding sq_301 0.2s
  synth_grounding sq_302 0.2s
  synth_grounding sq_303 0.2s
  synth_grounding sq_304 0.2s
  synth_grounding sq_305 0.2s
  synth_grounding sq_306 0.2s
  synth_grounding sq_307 0.2s
  synth_grounding sq_308 0.1s
  synth_grounding sq_309 0.2s
  synth_grounding sq_310 0.2s
  synth_grounding sq_311 0.2s
  synth_grounding sq_312 0.2s
  synth_grounding sq_313 0.2s
  synth_grounding sq_314 0.2s
  synth_grounding sq_315 0.2s
  synth_grounding sq_316 0.2s
  synth_grounding sq_317 0.2s
  synth_grounding sq_318 0.2s
  synth_grounding sq_319 0.2s
  synth_grounding sq_320 0.2s
  synth_grounding sq_321 0.2s
  synth_grounding sq_322 0.2s
  synth_grounding sq_323 0.2s
  synth_grounding sq_324 0.2s
  synth_grounding sq_325 0.2s
  synth_grounding sq_326 0.2s
  synth_grounding sq_327 0.2s
  synth_grounding sq_328 0.2s
  synth_grounding sq_329 0.2s
  synth_grounding sq_330 0.2s
  synth_grounding sq_331 0.2s
  synth_grounding sq_332 0.2s
  synth_grounding sq_333 0.2s
  synth_grounding sq_334 0.2s
  synth_grounding sq_335 0.2s
  synth_grounding sq_336 0.2s
  synth_grounding sq_337 0.2s
  synth_grounding sq_338 0.2s
  synth_grounding sq_339 0.2s
  synth_grounding sq_340 0.2s
  synth_grounding sq_341 0.2s
  synth_grounding sq_342 0.2s
  synth_grounding sq_343 0.2s
  synth_grounding sq_344 0.2s
  synth_grounding sq_345 0.2s
  synth_grounding sq_346 0.2s
  synth_grounding sq_347 0.2s
  synth_grounding sq_348 0.2s
  synth_grounding sq_349 0.2s
  synth_grounding sq_350 0.2s
  synth_grounding sq_351 0.2s
  synth_grounding sq_352 0.2s
  synth_grounding sq_353 0.2s
  synth_grounding sq_354 0.2s
  synth_grounding sq_355 0.2s
  synth_grounding sq_356 0.2s
  synth_grounding sq_357 0.2s
  synth_grounding sq_358 0.2s
  synth_grounding sq_359 0.2s
  synth_grounding sq_360 0.2s
  synth_grounding sq_361 0.2s
  synth_grounding sq_362 0.2s
  synth_grounding sq_363 0.2s
  synth_grounding sq_364 0.2s
  synth_grounding sq_365 0.2s
  synth_grounding sq_366 0.2s
  synth_grounding sq_367 0.2s
  synth_grounding sq_368 0.2s
  synth_grounding sq_369 0.2s
  synth_grounding sq_370 0.2s
  synth_grounding sq_371 0.2s
  synth_grounding sq_372 0.2s
  synth_grounding sq_373 0.2s
  synth_grounding sq_374 0.2s
  synth_grounding sq_375 0.2s
  synth_grounding sq_376 0.2s
  synth_grounding sq_377 0.2s
  synth_grounding sq_378 0.2s
  synth_grounding sq_379 0.2s
  synth_grounding sq_380 0.2s
  synth_grounding sq_381 0.2s
  synth_grounding sq_382 0.2s
  synth_grounding sq_383 0.2s
  synth_grounding sq_384 0.2s
  synth_grounding sq_385 0.2s
  synth_grounding sq_386 0.2s
  synth_grounding sq_387 0.2s
  synth_grounding sq_388 0.2s
  synth_grounding sq_389 0.2s
  synth_grounding sq_390 0.2s
  synth_grounding sq_391 0.2s
  synth_grounding sq_392 0.2s
  synth_grounding sq_393 0.2s
  synth_grounding sq_394 0.2s
  synth_grounding sq_395 0.2s
  synth_grounding sq_396 0.2s
  synth_grounding sq_397 0.2s
  synth_grounding sq_398 0.2s
  synth_grounding sq_399 0.2s
  grounding refcoco_0 0.2s
  grounding refcoco_1 0.2s
  grounding refcoco_2 0.3s
  grounding refcoco_3 0.2s
  grounding refcoco_4 0.2s
  grounding refcoco_9 0.2s
  grounding refcoco_12 0.2s
  grounding refcoco_13 0.2s
  grounding refcoco_14 0.2s
  grounding refcoco_15 0.2s
  grounding refcoco_16 0.2s
  grounding refcoco_18 0.2s
  grounding refcoco_19 0.2s
  grounding refcoco_20 0.2s
  grounding refcoco_21 0.2s
  grounding refcoco_22 0.2s
  grounding refcoco_23 0.2s
  grounding refcoco_24 0.2s
  grounding refcoco_27 0.2s
  grounding refcoco_32 0.2s
  grounding refcoco_33 0.2s
  grounding refcoco_36 0.2s
  grounding refcoco_37 0.2s
  grounding refcoco_39 0.2s
  grounding refcoco_40 0.2s
  grounding refcoco_41 0.2s
  grounding refcoco_46 0.2s
  grounding refcoco_47 0.2s
  grounding refcoco_50 0.2s
  grounding refcoco_51 0.2s
  grounding refcoco_55 0.3s
  grounding refcoco_58 0.3s
  grounding refcoco_59 0.3s
  grounding refcoco_62 0.2s
  grounding refcoco_63 0.3s
  grounding refcoco_64 0.2s
  grounding refcoco_65 0.2s
  grounding refcoco_66 0.2s
  grounding refcoco_68 0.3s
  grounding refcoco_70 0.2s
  grounding refcoco_71 0.2s
  grounding refcoco_73 0.2s
  grounding refcoco_75 0.2s
  grounding refcoco_76 0.2s
  grounding refcoco_77 0.2s
  grounding refcoco_79 0.2s
  grounding refcoco_80 0.2s
  grounding refcoco_82 0.2s
  grounding refcoco_83 0.2s
  grounding refcoco_84 0.2s
  grounding refcoco_85 0.2s
  grounding refcoco_91 0.2s
  grounding refcoco_93 0.2s
  grounding refcoco_95 0.2s
  grounding refcoco_97 0.2s
  grounding refcoco_100 0.2s
  grounding refcoco_101 0.2s
  grounding refcoco_102 0.2s
  grounding refcoco_103 0.2s
  grounding refcoco_105 0.2s
  grounding refcoco_106 0.2s
  grounding refcoco_111 0.2s
  grounding refcoco_118 0.2s
  grounding refcoco_119 0.2s
  grounding refcoco_120 0.2s
  grounding refcoco_121 0.2s
  grounding refcoco_122 0.2s
  grounding refcoco_126 0.2s
  grounding refcoco_127 0.2s
  grounding refcoco_131 0.2s
  grounding refcoco_132 0.2s
  grounding refcoco_133 0.2s
  grounding refcoco_135 0.2s
  grounding refcoco_138 0.2s
  grounding refcoco_142 0.2s
  grounding refcoco_143 0.2s
  grounding refcoco_145 0.2s
  grounding refcoco_148 0.2s
  grounding refcoco_149 0.2s
  grounding refcoco_150 0.2s
  grounding refcoco_153 0.2s
  grounding refcoco_154 0.2s
  grounding refcoco_157 0.2s
  grounding refcoco_161 0.2s
  grounding refcoco_162 0.2s
  grounding refcoco_163 0.2s
  grounding refcoco_165 0.2s
  grounding refcoco_168 0.2s
  grounding refcoco_169 0.2s
  grounding refcoco_170 0.2s
  grounding refcoco_171 0.2s
  grounding refcoco_172 0.2s
  grounding refcoco_173 0.2s
  grounding refcoco_174 0.2s
  grounding refcoco_175 0.2s
  grounding refcoco_177 0.2s
  grounding refcoco_179 0.2s
  grounding refcoco_184 0.2s
  grounding refcoco_186 0.2s
  grounding refcoco_187 0.2s
  grounding refcoco_188 0.2s
  grounding refcoco_189 0.2s
  grounding refcoco_190 0.2s
  grounding refcoco_191 0.2s
  grounding refcoco_192 0.2s
  grounding refcoco_193 0.2s
  grounding refcoco_194 0.2s
  grounding refcoco_195 0.2s
  grounding refcoco_196 0.2s
  grounding refcoco_199 0.2s
  grounding refcoco_202 0.2s
  grounding refcoco_203 0.2s
  grounding refcoco_204 0.2s
  grounding refcoco_206 0.2s
  grounding refcoco_208 0.2s
  grounding refcoco_209 0.2s
  grounding refcoco_212 0.2s
  grounding refcoco_215 0.2s
  grounding refcoco_218 0.2s
  grounding refcoco_220 0.2s
  grounding refcoco_222 0.2s
  grounding refcoco_223 0.2s
  grounding refcoco_224 0.2s
  grounding refcoco_225 0.2s
  grounding refcoco_226 0.2s
  grounding refcoco_227 0.2s
  grounding refcoco_228 0.2s
  grounding refcoco_231 0.2s
  grounding refcoco_234 0.2s
  grounding refcoco_241 0.2s
  grounding refcoco_242 0.2s
  grounding refcoco_244 0.2s
  grounding refcoco_245 0.2s
  grounding refcoco_246 0.2s
  grounding refcoco_247 0.2s
  grounding refcoco_248 0.2s
  grounding refcoco_249 0.2s
  grounding refcoco_253 0.2s
  grounding refcoco_254 0.2s
  grounding refcoco_256 0.2s
  grounding refcoco_265 0.2s
  grounding refcoco_266 0.2s
  grounding refcoco_267 0.2s
  grounding refcoco_275 0.2s
  grounding refcoco_277 0.2s
  grounding refcoco_280 0.2s
  grounding refcoco_281 0.2s
  grounding refcoco_282 0.2s
  grounding refcoco_285 0.2s
  grounding refcoco_286 0.2s
  grounding refcoco_287 0.2s
  grounding refcoco_288 0.2s
  grounding refcoco_290 0.2s
  grounding refcoco_294 0.2s
  grounding refcoco_297 0.2s
  grounding refcoco_298 0.2s
  grounding refcoco_300 0.2s
  grounding refcoco_308 0.2s
  grounding refcoco_309 0.2s
  grounding refcoco_310 0.2s
  grounding refcoco_311 0.2s
  grounding refcoco_317 0.2s
  grounding refcoco_318 0.2s
  grounding refcoco_319 0.2s
  grounding refcoco_323 0.2s
  grounding refcoco_324 0.2s
  grounding refcoco_327 0.2s
  grounding refcoco_329 0.2s
  grounding refcoco_330 0.2s
  grounding refcoco_332 0.2s
  grounding refcoco_333 0.2s
  grounding refcoco_334 0.2s
  grounding refcoco_335 0.2s
  grounding refcoco_338 0.2s
  grounding refcoco_340 0.2s
  grounding refcoco_341 0.2s
  grounding refcoco_342 0.2s
  grounding refcoco_343 0.3s
  grounding refcoco_348 0.2s
  grounding refcoco_350 0.2s
  grounding refcoco_358 0.3s
  grounding refcoco_359 0.3s
  grounding refcoco_360 0.3s
  grounding refcoco_362 0.2s
  grounding refcoco_364 0.2s
  grounding refcoco_365 0.2s
  grounding refcoco_366 0.2s
  grounding refcoco_367 0.2s
  grounding refcoco_373 0.2s
  grounding refcoco_374 0.2s
  grounding refcoco_376 0.2s
  grounding refcoco_379 0.2s
  grounding refcoco_380 0.2s
  grounding refcoco_383 0.2s
  grounding refcoco_387 0.2s
  grounding refcoco_394 0.2s
  grounding refcoco_397 0.2s
  grounding refcoco_399 0.2s
  grounding refcoco_400 0.2s
  grounding refcoco_404 0.2s
  grounding refcoco_405 0.2s
  grounding refcoco_406 0.2s
  grounding refcoco_408 0.2s
  grounding refcoco_409 0.3s
  grounding refcoco_411 0.2s
  grounding refcoco_414 0.2s
  grounding refcoco_418 0.2s
  grounding refcoco_419 0.2s
  grounding refcoco_422 0.2s
  grounding refcoco_424 0.2s
  grounding refcoco_425 0.2s
  grounding refcoco_427 0.2s
  grounding refcoco_428 0.2s
  grounding refcoco_429 0.2s
  grounding refcoco_430 0.2s
  grounding refcoco_433 0.2s
  grounding refcoco_434 0.2s
  grounding refcoco_435 0.2s
  grounding refcoco_436 0.2s
  grounding refcoco_441 0.2s
  grounding refcoco_444 0.2s
  grounding refcoco_446 0.2s
  grounding refcoco_452 0.2s
  grounding refcoco_453 0.2s
  grounding refcoco_454 0.2s
  grounding refcoco_455 0.2s
  grounding refcoco_456 0.2s
  grounding refcoco_457 0.2s
  grounding refcoco_458 0.2s
  grounding refcoco_461 0.3s
  grounding refcoco_462 0.3s
  grounding refcoco_465 0.3s
  grounding refcoco_467 0.3s
  grounding refcoco_468 0.2s
  grounding refcoco_469 0.2s
  grounding refcoco_478 0.2s
  grounding refcoco_480 0.2s
  grounding refcoco_481 0.2s
  grounding refcoco_482 0.2s
  grounding refcoco_483 0.2s
  grounding refcoco_487 0.2s
  grounding refcoco_488 0.2s
  grounding refcoco_490 0.2s
  grounding refcoco_493 0.2s
  grounding refcoco_495 0.3s
  grounding refcoco_496 0.2s
  grounding refcoco_497 0.2s
  grounding refcoco_498 0.2s
  grounding refcoco_501 0.2s
  grounding refcoco_504 0.2s
  grounding refcoco_505 0.2s
  grounding refcoco_506 0.2s
  grounding refcoco_513 0.2s
  grounding refcoco_515 0.2s
  grounding refcoco_516 0.2s
  grounding refcoco_520 0.2s
  grounding refcoco_523 0.2s
  grounding refcoco_526 0.2s
  grounding refcoco_533 0.3s
  grounding refcoco_534 0.2s
  grounding refcoco_537 0.2s
  grounding refcoco_539 0.2s
  grounding refcoco_540 0.2s
  grounding refcoco_542 0.2s
  grounding refcoco_544 0.2s
  grounding refcoco_545 0.2s
  grounding refcoco_546 0.2s
  grounding refcoco_547 0.2s
  grounding refcoco_551 0.2s
  grounding refcoco_553 0.3s
  grounding refcoco_556 0.2s
  grounding refcoco_557 0.2s
  grounding refcoco_559 0.2s
  grounding refcoco_560 0.3s
  grounding refcoco_561 0.2s
  grounding refcoco_564 0.2s
  grounding refcoco_565 0.2s
  grounding refcoco_567 0.2s
  grounding refcoco_569 0.2s
  grounding refcoco_573 0.3s
  grounding refcoco_574 0.3s
  grounding refcoco_575 0.2s
  grounding refcoco_581 0.2s
  grounding refcoco_582 0.2s
  grounding refcoco_583 0.2s
  grounding refcoco_585 0.2s
  grounding refcoco_587 0.2s
  grounding refcoco_589 0.2s
  grounding refcoco_593 0.2s
  grounding refcoco_594 0.2s
  grounding refcoco_596 0.3s
  grounding refcoco_597 0.2s
  grounding refcoco_601 0.2s
  grounding refcoco_603 0.2s
  grounding refcoco_604 0.2s
  grounding refcoco_606 0.2s
  grounding refcoco_607 0.2s
  grounding refcoco_610 0.2s
  grounding refcoco_613 0.2s
  grounding refcoco_616 0.2s
  grounding refcoco_617 0.2s
  grounding refcoco_618 0.2s
  grounding refcoco_620 0.2s
  grounding refcoco_623 0.2s
  grounding refcoco_624 0.2s
  grounding refcoco_625 0.2s
  grounding refcoco_626 0.2s
  grounding refcoco_627 0.2s
  grounding refcoco_628 0.2s
  grounding refcoco_630 0.2s
  grounding refcoco_633 0.2s
  grounding refcoco_634 0.2s
  grounding refcoco_640 0.2s
  grounding refcoco_641 0.2s
  grounding refcoco_642 0.2s
  grounding refcoco_643 0.2s
  grounding refcoco_645 0.2s
  grounding refcoco_648 0.2s
  grounding refcoco_649 0.2s
  grounding refcoco_652 0.2s
  grounding refcoco_654 0.2s
  grounding refcoco_655 0.2s
  grounding refcoco_656 0.2s
  grounding refcoco_667 0.2s
  grounding refcoco_669 0.2s
  grounding refcoco_670 0.2s
  grounding refcoco_671 0.2s
  grounding refcoco_672 0.2s
  grounding refcoco_675 0.2s
  grounding refcoco_676 0.2s
  grounding refcoco_677 0.2s
  grounding refcoco_680 0.2s
  grounding refcoco_683 0.2s
  grounding refcoco_684 0.2s
  grounding refcoco_686 0.2s
  grounding refcoco_688 0.2s
  grounding refcoco_689 0.2s
  grounding refcoco_690 0.2s
  grounding refcoco_691 0.2s
  grounding refcoco_692 0.2s
  grounding refcoco_693 0.2s
  grounding refcoco_694 0.2s
  grounding refcoco_695 0.2s
  grounding refcoco_696 0.2s
  grounding refcoco_697 0.2s
  grounding refcoco_698 0.2s
  grounding refcoco_700 0.2s
  grounding refcoco_703 0.2s
  grounding refcoco_704 0.2s
  grounding refcoco_707 0.2s
  grounding refcoco_710 0.2s
  grounding refcoco_711 0.2s
  grounding refcoco_713 0.2s
  grounding refcoco_714 0.2s
  grounding refcoco_716 0.2s
  grounding refcoco_717 0.3s
  grounding refcoco_718 0.3s
  grounding refcoco_719 0.3s
  grounding refcoco_720 0.3s
  grounding refcoco_721 0.3s
  grounding refcoco_722 0.2s
  grounding refcoco_724 0.2s
  grounding refcoco_727 0.3s
  grounding refcoco_728 0.2s
  grounding refcoco_729 0.2s
  grounding refcoco_730 0.2s
  grounding refcoco_731 0.2s
  grounding refcoco_734 0.3s
  grounding refcoco_736 0.2s
  grounding refcoco_737 0.2s
  grounding refcoco_739 0.3s
  grounding refcoco_740 0.3s
  grounding refcoco_744 0.2s
  grounding refcoco_745 0.2s
  grounding refcoco_746 0.2s
  grounding refcoco_747 0.2s
  grounding refcoco_748 0.2s
  grounding refcoco_749 0.2s
  grounding refcoco_752 0.2s
  grounding refcoco_754 0.3s
  grounding refcoco_755 0.2s
  grounding refcoco_759 0.2s
  grounding refcoco_761 0.2s
  grounding refcoco_762 0.2s
  grounding refcoco_763 0.2s
  grounding refcoco_766 0.2s
  grounding refcoco_767 0.3s
  grounding refcoco_770 0.2s
  grounding refcoco_771 0.2s
  grounding refcoco_773 0.2s
  grounding refcoco_774 0.2s
  grounding refcoco_775 0.2s
  grounding refcoco_776 0.2s
  grounding refcoco_777 0.2s
  grounding refcoco_779 0.2s
  grounding refcoco_785 0.2s
  grounding refcoco_790 0.2s
  grounding refcoco_795 0.2s
  grounding refcoco_798 0.2s
  grounding refcoco_799 0.2s
  ocr_synth ocr_0 0.2s
  ocr_synth ocr_1 0.2s
  ocr_synth ocr_2 0.2s
  ocr_synth ocr_3 0.2s
  ocr_synth ocr_4 0.2s
  ocr_synth ocr_5 0.2s
  ocr_synth ocr_6 0.2s
  ocr_synth ocr_7 0.2s
  ocr_synth ocr_8 0.2s
  ocr_synth ocr_9 0.2s
  ocr_synth ocr_10 0.2s
  ocr_synth ocr_11 0.2s
  ocr_synth ocr_12 0.2s
  ocr_synth ocr_13 0.2s
  ocr_synth ocr_14 0.2s
  ocr_synth ocr_15 0.2s
  ocr_synth ocr_16 0.2s
  ocr_synth ocr_17 0.2s
  ocr_synth ocr_18 0.2s
  ocr_synth ocr_19 0.2s
  ocr_synth ocr_20 0.2s
  ocr_synth ocr_21 0.2s
  ocr_synth ocr_22 0.2s
  ocr_synth ocr_23 0.2s
  ocr_synth ocr_24 0.2s
  ocr_synth ocr_25 0.2s
  ocr_synth ocr_26 0.2s
  ocr_synth ocr_27 0.2s
  ocr_synth ocr_28 0.2s
  ocr_synth ocr_29 0.2s
  ocr_synth ocr_30 0.2s
  ocr_synth ocr_31 0.2s
  ocr_synth ocr_32 0.2s
  ocr_synth ocr_33 0.2s
  ocr_synth ocr_34 0.2s
  ocr_synth ocr_35 0.2s
  ocr_synth ocr_36 0.2s
  ocr_synth ocr_37 0.2s
  ocr_synth ocr_38 0.2s
  ocr_synth ocr_39 0.2s
  ocr_synth ocr_40 0.2s
  ocr_synth ocr_41 0.2s
  ocr_synth ocr_42 0.2s
  ocr_synth ocr_43 0.2s
  ocr_synth ocr_44 0.2s
  ocr_synth ocr_45 0.2s
  ocr_synth ocr_46 0.2s
  ocr_synth ocr_47 0.2s
  ocr_synth ocr_48 0.2s
  ocr_synth ocr_49 0.2s
  ocr_synth ocr_50 0.2s
  ocr_synth ocr_51 0.2s
  ocr_synth ocr_52 0.2s
  ocr_synth ocr_53 0.2s
  ocr_synth ocr_54 0.2s
  ocr_synth ocr_55 0.2s
  ocr_synth ocr_56 0.2s
  ocr_synth ocr_57 0.2s
  ocr_synth ocr_58 0.2s
  ocr_synth ocr_59 0.2s
  ocr_synth ocr_60 0.2s
  ocr_synth ocr_61 0.2s
  ocr_synth ocr_62 0.2s
  ocr_synth ocr_63 0.2s
  ocr_synth ocr_64 0.2s
  ocr_synth ocr_65 0.2s
  ocr_synth ocr_66 0.2s
  ocr_synth ocr_67 0.2s
  ocr_synth ocr_68 0.2s
  ocr_synth ocr_69 0.2s
  ocr_synth ocr_70 0.2s
  ocr_synth ocr_71 0.2s
  ocr_synth ocr_72 0.2s
  ocr_synth ocr_73 0.2s
  ocr_synth ocr_74 0.2s
  ocr_synth ocr_75 0.2s
  ocr_synth ocr_76 0.2s
  ocr_synth ocr_77 0.2s
  ocr_synth ocr_78 0.2s
  ocr_synth ocr_79 0.2s
  ocr_synth ocr_80 0.2s
  ocr_synth ocr_81 0.2s
  ocr_synth ocr_82 0.2s
  ocr_synth ocr_83 0.2s
  ocr_synth ocr_84 0.2s
  ocr_synth ocr_85 0.2s
  ocr_synth ocr_86 0.2s
  ocr_synth ocr_87 0.2s
  ocr_synth ocr_88 0.2s
  ocr_synth ocr_89 0.2s
  ocr_synth ocr_90 0.2s
  ocr_synth ocr_91 0.2s
  ocr_synth ocr_92 0.2s
  ocr_synth ocr_93 0.2s
  ocr_synth ocr_94 0.2s
  ocr_synth ocr_95 0.2s
  ocr_synth ocr_96 0.2s
  ocr_synth ocr_97 0.2s
  ocr_synth ocr_98 0.2s
  ocr_synth ocr_99 0.2s
  ocr_synth ocr_100 0.2s
  ocr_synth ocr_101 0.2s
  ocr_synth ocr_102 0.2s
  ocr_synth ocr_103 0.2s
  ocr_synth ocr_104 0.2s
  ocr_synth ocr_105 0.2s
  ocr_synth ocr_106 0.2s
  ocr_synth ocr_107 0.2s
  ocr_synth ocr_108 0.2s
  ocr_synth ocr_109 0.2s
  ocr_synth ocr_110 0.2s
  ocr_synth ocr_111 0.2s
  ocr_synth ocr_112 0.2s
  ocr_synth ocr_113 0.2s
  ocr_synth ocr_114 0.2s
  ocr_synth ocr_115 0.2s
  ocr_synth ocr_116 0.2s
  ocr_synth ocr_117 0.2s
  ocr_synth ocr_118 0.2s
  ocr_synth ocr_119 0.2s
  ocr_synth ocr_120 0.2s
  ocr_synth ocr_121 0.2s
  ocr_synth ocr_122 0.2s
  ocr_synth ocr_123 0.2s
  ocr_synth ocr_124 0.2s
  ocr_synth ocr_125 0.2s
  ocr_synth ocr_126 0.2s
  ocr_synth ocr_127 0.2s
  ocr_synth ocr_128 0.2s
  ocr_synth ocr_129 0.2s
  ocr_synth ocr_130 0.2s
  ocr_synth ocr_131 0.2s
  ocr_synth ocr_132 0.2s
  ocr_synth ocr_133 0.2s
  ocr_synth ocr_134 0.2s
  ocr_synth ocr_135 0.2s
  ocr_synth ocr_136 0.2s
  ocr_synth ocr_137 0.2s
  ocr_synth ocr_138 0.2s
  ocr_synth ocr_139 0.2s
  ocr_synth ocr_140 0.2s
  ocr_synth ocr_141 0.2s
  ocr_synth ocr_142 0.2s
  ocr_synth ocr_143 0.2s
  ocr_synth ocr_144 0.2s
  ocr_synth ocr_145 0.2s
  ocr_synth ocr_146 0.2s
  ocr_synth ocr_147 0.2s
  ocr_synth ocr_148 0.2s
  ocr_synth ocr_149 0.2s
  ocr_synth ocr_150 0.2s
  ocr_synth ocr_151 0.2s
  ocr_synth ocr_152 0.2s
  ocr_synth ocr_153 0.2s
  ocr_synth ocr_154 0.2s
  ocr_synth ocr_155 0.2s
  ocr_synth ocr_156 0.2s
  ocr_synth ocr_157 0.2s
  ocr_synth ocr_158 0.2s
  ocr_synth ocr_159 0.2s
  ocr_synth ocr_160 0.2s
  ocr_synth ocr_161 0.2s
  ocr_synth ocr_162 0.2s
  ocr_synth ocr_163 0.2s
  ocr_synth ocr_164 0.2s
  ocr_synth ocr_165 0.2s
  ocr_synth ocr_166 0.2s
  ocr_synth ocr_167 0.2s
  ocr_synth ocr_168 0.2s
  ocr_synth ocr_169 0.2s
  ocr_synth ocr_170 0.2s
  ocr_synth ocr_171 0.2s
  ocr_synth ocr_172 0.2s
  ocr_synth ocr_173 0.1s
  ocr_synth ocr_174 0.2s
  ocr_synth ocr_175 0.2s
  ocr_synth ocr_176 0.2s
  ocr_synth ocr_177 0.2s
  ocr_synth ocr_178 0.2s
  ocr_synth ocr_179 0.2s
  ocr_synth ocr_180 0.2s
  ocr_synth ocr_181 0.2s
  ocr_synth ocr_182 0.1s
  ocr_synth ocr_183 0.2s
  ocr_synth ocr_184 0.2s
  ocr_synth ocr_185 0.2s
  ocr_synth ocr_186 0.2s
  ocr_synth ocr_187 0.2s
  ocr_synth ocr_188 0.2s
  ocr_synth ocr_189 0.2s
  ocr_synth ocr_190 0.2s
  ocr_synth ocr_191 0.2s
  ocr_synth ocr_192 0.2s
  ocr_synth ocr_193 0.2s
  ocr_synth ocr_194 0.2s
  ocr_synth ocr_195 0.2s
  ocr_synth ocr_196 0.2s
  ocr_synth ocr_197 0.2s
  ocr_synth ocr_198 0.2s
  ocr_synth ocr_199 0.2s
  ocr_synth ocr_200 0.2s
  ocr_synth ocr_201 0.2s
  ocr_synth ocr_202 0.2s
  ocr_synth ocr_203 0.2s
  ocr_synth ocr_204 0.2s
  ocr_synth ocr_205 0.2s
  ocr_synth ocr_206 0.2s
  ocr_synth ocr_207 0.2s
  ocr_synth ocr_208 0.2s
  ocr_synth ocr_209 0.2s
  ocr_synth ocr_210 0.2s
  ocr_synth ocr_211 0.2s
  ocr_synth ocr_212 0.2s
  ocr_synth ocr_213 0.2s
  ocr_synth ocr_214 0.2s
  ocr_synth ocr_215 0.2s
  ocr_synth ocr_216 0.2s
  ocr_synth ocr_217 0.2s
  ocr_synth ocr_218 0.2s
  ocr_synth ocr_219 0.2s
  ocr_synth ocr_220 0.2s
  ocr_synth ocr_221 0.2s
  ocr_synth ocr_222 0.2s
  ocr_synth ocr_223 0.2s
  ocr_synth ocr_224 0.2s
  ocr_synth ocr_225 0.2s
  ocr_synth ocr_226 0.2s
  ocr_synth ocr_227 0.2s
  ocr_synth ocr_228 0.2s
  ocr_synth ocr_229 0.2s
  ocr_synth ocr_230 0.2s
  ocr_synth ocr_231 0.2s
  ocr_synth ocr_232 0.2s
  ocr_synth ocr_233 0.2s
  ocr_synth ocr_234 0.2s
  ocr_synth ocr_235 0.2s
  ocr_synth ocr_236 0.2s
  ocr_synth ocr_237 0.2s
  ocr_synth ocr_238 0.2s
  ocr_synth ocr_239 0.2s
  ocr_synth ocr_240 0.2s
  ocr_synth ocr_241 0.2s
  ocr_synth ocr_242 0.2s
  ocr_synth ocr_243 0.2s
  ocr_synth ocr_244 0.2s
  ocr_synth ocr_245 0.2s
  ocr_synth ocr_246 0.2s
  ocr_synth ocr_247 0.2s
  ocr_synth ocr_248 0.2s
  ocr_synth ocr_249 0.2s
  ocr_synth ocr_250 0.2s
  ocr_synth ocr_251 0.2s
  ocr_synth ocr_252 0.2s
  ocr_synth ocr_253 0.2s
  ocr_synth ocr_254 0.2s
  ocr_synth ocr_255 0.2s
  ocr_synth ocr_256 0.2s
  ocr_synth ocr_257 0.2s
  ocr_synth ocr_258 0.2s
  ocr_synth ocr_259 0.2s
  ocr_synth ocr_260 0.2s
  ocr_synth ocr_261 0.2s
  ocr_synth ocr_262 0.2s
  ocr_synth ocr_263 0.2s
  ocr_synth ocr_264 0.2s
  ocr_synth ocr_265 0.2s
  ocr_synth ocr_266 0.2s
  ocr_synth ocr_267 0.2s
  ocr_synth ocr_268 0.2s
  ocr_synth ocr_269 0.2s
  ocr_synth ocr_270 0.2s
  ocr_synth ocr_271 0.2s
  ocr_synth ocr_272 0.2s
  ocr_synth ocr_273 0.2s
  ocr_synth ocr_274 0.2s
  ocr_synth ocr_275 0.2s
  ocr_synth ocr_276 0.2s
  ocr_synth ocr_277 0.2s
  ocr_synth ocr_278 0.2s
  ocr_synth ocr_279 0.2s
  ocr_synth ocr_280 0.2s
  ocr_synth ocr_281 0.2s
  ocr_synth ocr_282 0.2s
  ocr_synth ocr_283 0.2s
  ocr_synth ocr_284 0.2s
  ocr_synth ocr_285 0.2s
  ocr_synth ocr_286 0.2s
  ocr_synth ocr_287 0.2s
  ocr_synth ocr_288 0.2s
  ocr_synth ocr_289 0.2s
  ocr_synth ocr_290 0.2s
  ocr_synth ocr_291 0.2s
  ocr_synth ocr_292 0.2s
  ocr_synth ocr_293 0.2s
  ocr_synth ocr_294 0.2s
  ocr_synth ocr_295 0.2s
  ocr_synth ocr_296 0.2s
  ocr_synth ocr_297 0.2s
  ocr_synth ocr_298 0.2s
  ocr_synth ocr_299 0.2s
  ocr_synth ocr_300 0.2s
  ocr_synth ocr_301 0.2s
  ocr_synth ocr_302 0.2s
  ocr_synth ocr_303 0.2s
  ocr_synth ocr_304 0.2s
  ocr_synth ocr_305 0.2s
  ocr_synth ocr_306 0.2s
  ocr_synth ocr_307 0.2s
  ocr_synth ocr_308 0.2s
  ocr_synth ocr_309 0.2s
  ocr_synth ocr_310 0.2s
  ocr_synth ocr_311 0.2s
  ocr_synth ocr_312 0.2s
  ocr_synth ocr_313 0.2s
  ocr_synth ocr_314 0.2s
  ocr_synth ocr_315 0.2s
  ocr_synth ocr_316 0.2s
  ocr_synth ocr_317 0.2s
  ocr_synth ocr_318 0.2s
  ocr_synth ocr_319 0.2s
  ocr_synth ocr_320 0.2s
  ocr_synth ocr_321 0.2s
  ocr_synth ocr_322 0.2s
  ocr_synth ocr_323 0.2s
  ocr_synth ocr_324 0.2s
  ocr_synth ocr_325 0.2s
  ocr_synth ocr_326 0.2s
  ocr_synth ocr_327 0.2s
  ocr_synth ocr_328 0.2s
  ocr_synth ocr_329 0.2s
  ocr_synth ocr_330 0.2s
  ocr_synth ocr_331 0.2s
  ocr_synth ocr_332 0.2s
  ocr_synth ocr_333 0.2s
  ocr_synth ocr_334 0.2s
  ocr_synth ocr_335 0.2s
  ocr_synth ocr_336 0.2s
  ocr_synth ocr_337 0.2s
  ocr_synth ocr_338 0.2s
  ocr_synth ocr_339 0.2s
  ocr_synth ocr_340 0.2s
  ocr_synth ocr_341 0.2s
  ocr_synth ocr_342 0.2s
  ocr_synth ocr_343 0.2s
  ocr_synth ocr_344 0.2s
  ocr_synth ocr_345 0.2s
  ocr_synth ocr_346 0.2s
  ocr_synth ocr_347 0.2s
  ocr_synth ocr_348 0.2s
  ocr_synth ocr_349 0.2s
  ocr_synth ocr_350 0.2s
  ocr_synth ocr_351 0.2s
  ocr_synth ocr_352 0.2s
  ocr_synth ocr_353 0.2s
  ocr_synth ocr_354 0.2s
  ocr_synth ocr_355 0.2s
  ocr_synth ocr_356 0.2s
  ocr_synth ocr_357 0.2s
  ocr_synth ocr_358 0.2s
  ocr_synth ocr_359 0.2s
  ocr_synth ocr_360 0.2s
  ocr_synth ocr_361 0.2s
  ocr_synth ocr_362 0.2s
  ocr_synth ocr_363 0.2s
  ocr_synth ocr_364 0.2s
  ocr_synth ocr_365 0.2s
  ocr_synth ocr_366 0.2s
  ocr_synth ocr_367 0.2s
  ocr_synth ocr_368 0.2s
  ocr_synth ocr_369 0.2s
  ocr_synth ocr_370 0.2s
  ocr_synth ocr_371 0.2s
  ocr_synth ocr_372 0.2s
  ocr_synth ocr_373 0.2s
  ocr_synth ocr_374 0.2s
  ocr_synth ocr_375 0.2s
  ocr_synth ocr_376 0.2s
  ocr_synth ocr_377 0.2s
  ocr_synth ocr_378 0.2s
  ocr_synth ocr_379 0.2s
  ocr_synth ocr_380 0.2s
  ocr_synth ocr_381 0.2s
  ocr_synth ocr_382 0.2s
  ocr_synth ocr_383 0.2s
  ocr_synth ocr_384 0.2s
  ocr_synth ocr_385 0.2s
  ocr_synth ocr_386 0.2s
  ocr_synth ocr_387 0.2s
  ocr_synth ocr_388 0.2s
  ocr_synth ocr_389 0.2s
  ocr_synth ocr_390 0.2s
  ocr_synth ocr_391 0.2s
  ocr_synth ocr_392 0.2s
  ocr_synth ocr_393 0.2s
  ocr_synth ocr_394 0.2s
  ocr_synth ocr_395 0.2s
  ocr_synth ocr_396 0.2s
  ocr_synth ocr_397 0.2s
  ocr_synth ocr_398 0.2s
  ocr_synth ocr_399 0.2s
[transformers] The following generation flags are not valid and may be ignored: ['output_attentions']. Set `TRANSFORMERS_VERBOSITY=info` for more details.
DONE outputs/raw/Qwen_Qwen2_5-VL-7B-Instruct
[2026-09-22 10:42:27] STAGE taxonomy (per-model)
Traceback (most recent call last):
  File "/data/lab/CVPR2027_LLM/scripts/run_taxonomy.py", line 64, in <module>
    results[mid] = process_model(raw_dir, os.path.join(args.out_root, s), probes)
  File "/data/lab/CVPR2027_LLM/scripts/run_taxonomy.py", line 22, in process_model
    feats, keys = collect_model_fingerprints(raw_dir, probes,
  File "/data/lab/CVPR2027_LLM/scripts/../src/headatlas/metrics/fingerprints.py", line 143, in collect_model_fingerprints
    continue
  File "/data/lab/CVPR2027_LLM/scripts/../src/headatlas/metrics/fingerprints.py", line 25, in compute_probe_features
    rows_key = next(k for k in ("rows", "rows_attr", "rows_base", "rows16")
KeyError: 'rows'
[2026-09-22 11:07:00] waiting for data/.prepped
[2026-09-22 11:07:00] data ready; starting branch for Qwen/Qwen2.5-VL-7B-Instruct on cuda:0
[2026-09-22 11:07:00] probes already done; skipping
[2026-09-22 11:07:00] STAGE taxonomy (per-model)
Traceback (most recent call last):
  File "/data/lab/CVPR2027_LLM/scripts/run_taxonomy.py", line 64, in <module>
    results[mid] = process_model(raw_dir, os.path.join(args.out_root, s), probes)
  File "/data/lab/CVPR2027_LLM/scripts/run_taxonomy.py", line 22, in process_model
    feats, keys = collect_model_fingerprints(raw_dir, probes,
  File "/data/lab/CVPR2027_LLM/scripts/../src/headatlas/metrics/fingerprints.py", line 153, in collect_model_fingerprints
    X = np.stack([all_feats[k] for k in keys], axis=-1)
  File "/usr/local/lib/python3.10/dist-packages/numpy/_core/shape_base.py", line 460, in stack
    raise ValueError('all input arrays must have the same shape')
ValueError: all input arrays must have the same shape
[2026-09-22 11:17:26] waiting for data/.prepped
[2026-09-22 11:17:26] data ready; starting branch for Qwen/Qwen2.5-VL-7B-Instruct on cuda:0
[2026-09-22 11:17:26] probes already done; skipping
[2026-09-22 11:17:26] STAGE taxonomy (per-model)
/data/lab/CVPR2027_LLM/scripts/../src/headatlas/metrics/fingerprints.py:79: RuntimeWarning: invalid value encountered in divide
  "p5_sink_stability": 1.0 - (mass.std(axis=0) / np.maximum(mass.mean(axis=0), 1e-8)),
Traceback (most recent call last):
  File "/data/lab/CVPR2027_LLM/scripts/run_taxonomy.py", line 64, in <module>
    results[mid] = process_model(raw_dir, os.path.join(args.out_root, s), probes)
  File "/data/lab/CVPR2027_LLM/scripts/run_taxonomy.py", line 28, in process_model
    cl = cluster_heads(X, layer_ids, k_min=3, k_max=8)
  File "/data/lab/CVPR2027_LLM/scripts/../src/headatlas/metrics/taxonomy.py", line 37, in cluster_heads
    km = KMeans(n_clusters=k, n_init=10, random_state=seed).fit(Z)
  File "/usr/local/lib/python3.10/dist-packages/sklearn/base.py", line 1365, in wrapper
    return fit_method(estimator, *args, **kwargs)
  File "/usr/local/lib/python3.10/dist-packages/sklearn/cluster/_kmeans.py", line 1454, in fit
    X = validate_data(
  File "/usr/local/lib/python3.10/dist-packages/sklearn/utils/validation.py", line 2954, in validate_data
    out = check_array(X, input_name="X", **check_params)
  File "/usr/local/lib/python3.10/dist-packages/sklearn/utils/validation.py", line 1105, in check_array
    _assert_all_finite(
  File "/usr/local/lib/python3.10/dist-packages/sklearn/utils/validation.py", line 120, in _assert_all_finite
    _assert_all_finite_element_wise(
  File "/usr/local/lib/python3.10/dist-packages/sklearn/utils/validation.py", line 169, in _assert_all_finite_element_wise
    raise ValueError(msg_err)
ValueError: Input X contains NaN.
KMeans does not accept missing values encoded as NaN natively. For supervised learning, you might want to consider sklearn.ensemble.HistGradientBoostingClassifier and Regressor which accept missing values encoded as NaNs natively. Alternatively, it is possible to preprocess the data, for instance by using an imputer transformer in a pipeline or drop samples with missing values. See https://scikit-learn.org/stable/modules/impute.html You can find a list of all estimators that handle NaN values at the following page: https://scikit-learn.org/stable/modules/impute.html#estimators-that-handle-nan-values
[2026-09-22 11:21:10] waiting for data/.prepped
[2026-09-22 11:21:10] data ready; starting branch for Qwen/Qwen2.5-VL-7B-Instruct on cuda:0
[2026-09-22 11:21:10] probes already done; skipping
[2026-09-22 11:21:10] STAGE taxonomy (per-model)
/data/lab/CVPR2027_LLM/scripts/../src/headatlas/metrics/fingerprints.py:79: RuntimeWarning: invalid value encountered in divide
  "p5_sink_stability": 1.0 - (mass.std(axis=0) / np.maximum(mass.mean(axis=0), 1e-8)),
/data/lab/CVPR2027_LLM/scripts/../src/headatlas/metrics/taxonomy.py:27: RuntimeWarning: Mean of empty slice
  mu = np.nanmean(X[m], axis=0)
/usr/local/lib/python3.10/dist-packages/numpy/lib/_nanfunctions_impl.py:2019: RuntimeWarning: Degrees of freedom <= 0 for slice.
  var = nanvar(a, axis=axis, dtype=dtype, out=out, ddof=ddof,
/data/lab/CVPR2027_LLM/scripts/../src/headatlas/metrics/taxonomy.py:27: RuntimeWarning: Mean of empty slice
  mu = np.nanmean(X[m], axis=0)
/usr/local/lib/python3.10/dist-packages/numpy/lib/_nanfunctions_impl.py:2019: RuntimeWarning: Degrees of freedom <= 0 for slice.
  var = nanvar(a, axis=axis, dtype=dtype, out=out, ddof=ddof,
{
  "k": 3,
  "silhouette": 0.16022705664019746,
  "n_heads": 784,
  "features": [
    "p1_box_iou",
    "p1_entropy",
    "p1_mass_in_box",
    "p1_pointing",
    "p1_topk_prec",
    "p3_cond_kld",
    "p5_head_entropy",
    "p5_sink16",
    "p5_sink_stability",
    "p6_occluded_mass",
    "p6_reroute_kld",
    "p8_mass_when_correct"
  ],
  "role_counts": {
    "unassigned": 498,
    "reroute": 91,
    "sink": 103,
    "grounding": 92
  }
}
